SubString Matches,Exact Matches,Word
1299,1,ccc
837,0,clinton
558,0,pico
116,0,ccv
2,0,tallassee
988,0,pica
7,0,japse
11,0,kossu
1,0,peecock
5,0,fagot
5587,0,cem
14819,0,cel
1,0,chikane
100,0,hoden
114,0,fontana
21,0,flid
30,0,skype
466,0,cex
5,0,scheiss
902,0,after
11,0,muschi
330,1,garland
14,0,hrny
1,0,decapitate
286,0,pied
8,0,coamo
1,0,fumanti
12,1,niple
783,0,timbo
22,0,ofay
1536,0,eier
1,0,sergipe
993,0,goof
289,1,tush
94315,1,che
145,0,tusi
10,0,fornication
1,0,abruti
688,0,cig
41,0,pija
795,0,rojas
302,0,avale
1,1,cazzata
1543,0,root
136,0,salami
22,0,sphincter
1,1,jebudinho
1,0,durmiendo
112,0,gook
1721,0,goon
103,0,cancer
2,0,fagit
3,0,imbecil
32,1,mensen
56,1,knockers
1,0,menses
1640,0,pill
154,0,dummy
97,0,orellana
57,0,piks
389,1,pila
1,1,perereca
8,0,fagge
1,0,chicherio
2370,0,pike
54,1,fesse
49,0,pikk
181,0,flog
3,0,faggy
6,0,sanhueza
57,0,jurado
2203,0,pine
1172,0,eins
24,0,fattie
2014,0,pino
9,0,3yar
13,0,jujut
550,0,kentucky
16,0,newbern
1,0,adultery
245,0,hastings
1,0,beitch
2506,0,pimp
88,0,picture
8,0,faget
8971,0,coc
1,0,utuado
230,0,ogden
23,0,smegma
16572,0,com
41520,0,con
250,0,coq
231,0,pipi
3998,0,cox
38,0,szcza
2,0,burrica
1,0,pingona
211,0,cpf
2,0,chloride
1983,0,pipe
131,0,pipa
195,0,kiana
1,0,mesalina
1,0,quarante
1,1,bocão
945,0,piri
122,1,piru
2,0,ammunition
801,0,crs
12823,0,cru
46,0,gemer
53,0,appleton
795,0,pito
1,1,toonbook
3,0,newmarket
52,0,huntington
61,0,shota
13,0,hondah
5,0,melones
61,0,gozo
205,0,piss
1558,0,pist
3,0,putero
2340,0,cum
229,0,pish
5475,0,cul
647,1,hodges
370,0,shots
75,0,anaconda
185,0,pichu
1,0,ametralladora
75,0,cvn
18,0,colegio
2,0,weona
19,0,picio
37,1,peña
2,1,torture
53,0,mistress
5,0,tereso
7,0,beltrami
12,0,gatinho
206,0,redmond
143,0,thigh
4,0,sheenie
80,0,slapper
1,0,coquitlam
4,0,hatillo
4,0,barranquilla
19,0,genan
706,0,savannah
1852,0,cyc
17,0,fetis
2,0,garchar
42,0,lechee
1,0,socialista
440,0,hitch
13,0,pizd
1,0,esmegma
9,0,bolado
1,0,facada
63,0,ninety
954,0,gland
46,0,kneppe
45,0,wacho
74,0,steroid
21,0,ancash
4,0,clitor
5309,0,cameron
1,1,hiemie
1,0,clitos
37,0,wache
30,0,daten
164,0,lombo
2,0,bookface
18,0,nipel
1,0,fjams
16,0,chaude
103,0,fajardo
12,1,morder
2,0,desejo
1,0,finocchio
1,0,putedo
38733,0,dam
2,1,putilla
426,0,daq
1,0,metralleta
2,0,extasi
2,0,pipestone
1310,0,ejac
8,0,zarpa
1,0,røve
111,0,suicid
62,0,wolla
279,0,dck
2,0,holtville
81,0,lomit
3,0,salaud
4,0,saskatchewan
13,0,ficante
1,0,jappu
142,0,annale
7341,0,dda
30,0,skyde
10,0,extasy
1,0,três
1,1,calmante
5,0,bolada
12,0,trucho
21,0,berkshire
6817,0,dec
10,0,parliament
467,0,criss
2632,0,dex
7592,0,dez
11,0,arvada
50,0,presidente
1,0,jitoku
11,0,blumkin
10,0,quinze
6,0,chickenhead
13,0,caledonia
9,0,cayey
13,0,chikan
20,0,palencia
5,0,romish
12701,0,dic
3,0,kwiki
32750,0,die
1772,0,dik
1,0,aguascalientes
4494,0,div
857,0,diu
2883,0,dix
2,0,goatse
362,0,lolli
274,0,lolly
36,0,goshen
1,0,sjuff
4,0,sodomize
3424,1,bach
1,0,sjuft
78,0,machete
433,0,dks
3,0,albacete
9336,0,mack
1357,0,houston
201,0,ferry
10,0,glencoe
14546,0,thomas
88,0,cayce
1,0,agüita
2078,0,babe
26,0,crips
118,0,moffe
11343,0,baby
2,0,chupamela
4,0,jyzz
1386,0,cooter
112,0,palli
5,0,guadalajara
6,0,da.me
1,0,igueputa
250,0,palla
58,1,dulle
182,0,palle
29,0,shoka
5,0,pouta
145,0,chatte
166,0,roids
10,0,ujelly
239,0,darra
410,0,chipper
3,1,friendster
3,0,fredericksburg
347,0,palma
38796,0,dog
67897,1,don
2766,0,dop
603,0,strok
4891,0,dot
341,0,bago
4923,0,dos
1,0,morveux
2,0,huume
4,0,sjusk
3,1,søren
14,0,ciota
2,0,sfiga
4,0,absinthe
1,0,adulterize
180,0,picar
12,0,cadela
13,0,cigarette
19,1,pjok
49,0,tilin
34,0,quebec
4,0,lemonparty
28,0,socar
155,1,ashville
17,0,dqn
2179,0,mail
4120,0,main
30,0,treze
738,0,strip
1,0,boceta
10,0,macaque
1,0,6an6
152,2,bahn
14,0,nachbar
19,0,angoon
8,0,daviess
34,0,hoochie
399,0,twat
5,0,maruja
1,1,bahoner
8591,0,dst
434,0,curra
1,0,mastrbate
10,0,psychopat
2443,0,ellen
24,0,angola
22,0,tampon
1695,1,maka
1359,0,bala
4,0,beijo
7,0,chatom
1,0,falkville
247,1,hardcore
2,0,mofoh
493,1,gentry
12673,0,dub
36,0,sevier
31,0,bavaria
7,1,shojo
568,0,baka
2865,0,dum
6653,0,dur
1,1,sheister
19,1,tyster
633,0,mami
1,1,schwuler
68,0,stinker
8,0,instagram
3464,0,bank
2406,0,bang
7,0,biznitch
92,0,koran
35,0,wenis
2,0,salcha
8,0,alcolo
213,0,cedar
32,0,alcool
43,0,dxk
238,0,xana
3566,0,mano
2422,0,gordon
2,0,matamos
2523,0,dye
2,0,achtzehn
1216,0,stab
2438,0,dyk
1,0,tampax
419,0,aldea
9,0,abortion
42,0,stds
1,0,fraggot
12,0,abgar
6,1,mamá
4,0,еб
2626,0,3p
68,0,seeds
35,0,baps
117,1,blanche
12,0,brookwood
2590,0,4p
13,0,bagdad
171,0,mapi
17,0,sobar
97791,0,69
2,0,gurabo
136,0,stfu
3296,0,speed
19,0,hermosillo
56,0,trece
700,0,twit
2,0,gazong
3,0,cacata
22,0,daske
97,0,dumbo
2167,0,milton
2,0,mané
4,0,blasen
139856,0,88
1,0,fahque
46,0,ithaca
818,0,maul
380,0,maui
50,0,lolas
90,0,quince
1815,0,mata
4629,0,mate
2,0,montecito
7,0,wenus
23,0,topeka
16,0,ardmore
40,0,facebook
103,0,sperm
1,0,contramaestre
499,0,stiv
1,0,cusao
1103,0,moreno
1,0,sodomist
12,0,fecker
1829,0,mayo
119,1,appar
1,1,pøbel
4,0,scheisse
15,0,jagermeister
4,0,boelle
10,0,maté
1373,0,weaver
31,0,cusco
18893,0,ees
6255,0,jackson
11,0,noroma
25,0,lmfao
36927,0,eff
17,0,mansilla
2,0,lolicon
1,0,ansiado
158,0,cuervo
50,0,sacrament
1,0,hafada
1044,0,auburn
41,0,kviki
12,1,colita
2,0,owensboro
1,0,leadville
79,0,cocos
15,0,vibro
22,0,prudence
1,0,frocio
3,0,tisper
10,0,packie
780,0,hardin
6,0,columbine
46,0,claypool
124,0,munster
1340,1,brandi
220,0,loopy
127,0,allgood
4,0,strase
4,0,tearing
965,0,brandy
1,0,dudleyville
4005,0,stud
6,0,garnish
2022,0,ohio
223,0,mcintosh
48,0,kichi
6305,0,elf
52,0,usero
156997,0,ell
5,0,areola
11,0,gangbang
12,0,martos
22,0,http
409,1,vaughan
3,1,mongole
54,0,golly
1432,0,negr
418,0,strand
1,0,cochabamba
189,1,salgado
91,2,golli
20142,0,eng
3,0,cartago
673,1,memphis
1765,0,nega
4,0,rondelle
78,0,berkeley
3,0,juntti
45,0,choto
5,1,seigu
20,0,colima
179,0,gangster
20,0,forro
780,0,aryan
59,0,seventy
2,0,duitama
134,0,utica
13,0,cuerno
1,0,cusseta
1,0,yuujo
9,0,metano
10,0,ochenta
69,0,polson
254,0,ohor
150,0,urself
3063,0,cell
14,0,barreiro
104,1,ashford
49698,0,ero
69187,0,err
123815,0,ers
2,0,lmirl
1,0,hashishe
1,0,мазафак
151,0,lockhart
711,0,cela
43,0,penton
1,0,haijin
3,0,kocain
83,0,chopi
51,0,florencia
55,0,chopo
2,0,bichez
1,0,africain
13008,0,eta
568,0,buddha
498,0,nena
49,0,mooseknuckle
8,0,plouc
330,0,spick
14,0,kimaru
7,0,biches
1,0,bostas
18,0,traverse
2568,0,yell
2,0,chiniak
98,0,chope
2,0,gnide
71,0,lesbi
89,0,choro
108,0,lesbo
21088,1,eva
204,0,islam
66754,0,eve
2,0,nazzis
3,0,cocoya
455,0,flick
24,0,bilbao
242,0,nepe
38,0,boink
90,0,golfa
3,0,sloshed
128,0,sheffield
10,0,greensboro
14031,0,martin
178,0,prescott
125,0,lesbe
10,0,manassas
127,0,pounds
2220,1,nerd
9,0,paulden
1,0,scopare
5,1,cuarenta
4,0,tragar
1,0,nodaway
2,0,koufu
2,0,circumcise
50,0,springfield
8,0,caña
8,0,zunga
4,0,nosser
5305,0,gray
2723,1,gram
1417,0,gras
1,0,kouin
2892,0,suck
3,0,lezian
58,0,kalbe
4,0,chickasaw
2,0,remame
105,0,neun
6,0,kachina
85,0,gomas
25,0,morfin
15,0,museum
1,0,bolívar
2,0,niqqer
129,0,neuf
152,0,fock
2,0,piojoso
9,0,buttoc
122,0,huit
246,1,snatch
303,0,fa9
217,1,suge
145,0,newd
263,0,escue
1344,0,elba
504,0,suke
1,0,chilliwack
983,0,fag
239,0,suka
1,0,veraguas
272,0,fap
107,0,faq
8629,0,fat
157,0,yeyo
370,0,fax
2,0,すけ
9645,0,davis
152,1,petera
1,0,niqqah
34,1,usuario
1789,0,hump
9,0,shinna
164,0,studs
1366,0,elda
50,0,fck
2461,0,diaz
492,0,berlin
396,0,burner
1,0,dupek
122,0,fofo
10,0,bating
160,1,diddle
1055,0,gris
4,0,matanza
348,0,vandal
104,0,suko
81,0,fdp
88,0,fofa
365,0,suki
8,0,culero
1018,0,hull
2906,0,grim
5545,0,dick
3325,0,fea
3321,0,fed
2,0,yobbo
409,0,feg
346,0,fej
253,0,kalis
458,0,feo
1,1,quetzaltenango
6,0,orinar
99,0,dics
9,0,kalja
1,0,chunchula
3,1,agüero
444,0,pleb
2978,0,ffs
6,0,arabes
191,1,hombre
3,0,igiot
473,0,died
122,0,fgs
334,0,diez
5,0,satsuma
1,0,peanus
3534,0,dies
1142,0,leroy
2,0,copula
763,0,radford
5,0,vieques
1,0,votze
200,0,callaway
1,0,cundinamarca
278,0,pereira
593,0,carmel
4004,0,fic
1565,0,fif
162,0,suso
717,0,fik
2,0,kandiyohi
2,0,canabis
15253,0,fis
33,0,murcia
5,0,pension
811,0,elim
6,1,rinnat
65,0,manger
309,0,groe
155,0,hure
14,0,sitka
201,0,tinbo
38,0,corinth
3,0,fahqu
44,0,hurp
65,0,fkc
89043,0,bb
5,0,dunkirk
16734,0,bh
200925,0,bi
14684,0,bj
52108,0,bs
3936,0,bv
89,0,fook
84,1,prichard
48,0,tombstone
5,0,pontevedra
3,0,peekskill
67701,0,cu
40,0,magallanes
60,0,fono
146,0,fml
4,0,foque
21078,0,dp
7,0,nichon
39,0,charco
67,0,niqqa
2,0,dikx
1,1,castrado
15,0,kotze
116875,0,ei
82,0,hitto
43,0,nazzi
298,0,dike
387,0,weiner
790,0,foc
13363,0,fb
1302,0,fog
24,0,hittu
7753,1,fg
1,0,gokke
202,0,fok
4,0,bæ
4880,0,fk
6634,0,fn
13,0,foq
1,0,kueka
35258,0,fu
1,0,faggotry
3,0,chingue
320,0,plos
4,0,cucaracha
6,0,texting
6,0,mentone
4,0,titten
443,0,fork
5,0,adresse
216,0,nutte
322,0,eloy
285206,0,ho
5,0,dø
2309,0,four
184714,0,id
15523,0,k7
31,0,gaban
662,0,dink
145,0,fubar
197,0,foto
4,0,kitzler
28,0,sadist
5,1,bakardi
4,0,misisipi
29,0,tyaz
4,0,tuskegee
99018,1,ju
1,0,culear
1,0,jotita
945,0,dire
85,0,ottawa
23123,0,kk
38051,0,ku
3,0,beeches
1,0,sheeney
4935,0,kz
6,0,kasaan
504,0,fuc
780,0,fug
3,0,nasere
540,0,fuk
203,0,fuq
18,0,foze
78,0,montreal
405,0,diss
116,0,panti
2,0,bagara
116,0,chichar
5867,1,morgan
432,0,cutte
16271,0,mf
29,0,pansy
857,0,seattle
665,0,baxter
46,0,hitla
575,0,alabama
1,0,follar
241,1,geiger
24,1,cazzo
27,0,riquelme
2,1,petardo
1,0,togiak
81,0,panty
1,0,schijt
16,0,tuscaloosa
53383,1,nu
186677,0,ob
56,0,berserker
13,0,lenexa
53,0,renob
121,0,oito
6,0,carotte
145,0,ditz
26,0,pasadena
14113,0,pd
154,0,rizze
11108,1,pk
1313,0,rocker
55219,0,ps
311,1,cholo
6,0,gonzález
236,0,choke
88,0,redwood
11,0,noblesville
6,0,talladega
1,0,abortionist
30,0,adopt
10,0,anegam
127041,0,rk
256142,0,rt
221,2,chone
32,0,fairfax
300,1,davenport
1,0,bøg
1,0,defunct
1,0,traguen
286269,0,so
92,1,thatcher
218372,1,ss
12,0,guarra
4996,0,monster
5,0,touron
280,0,wade3
21415,0,tg
1,0,klawock
81,0,augusta
4,0,guarro
7,0,poinsett
10,0,chichis
212,0,sissy
2105,0,phillips
64,0,cuadra
3,0,orgien
5,0,fandme
9,0,orgier
1,0,ralarala
482,0,adolf
10,0,naziz
2,0,esporra
590,0,griffith
113,0,zizi
127,0,anarchy
7,0,nazis
12,0,nuten
2536,0,vj
1,0,anglican
1,0,chienne
11,0,daule
63,1,platano
4661,0,gai
43482,0,gan
2889,0,gau
1,0,axife
2236,0,gay
3,0,dauna
8,0,artigas
91,0,jihad
3,0,benidorm
5,0,dunnavant
491,0,belin
10,0,capeta
204,0,svin
1,0,callejera
4,1,tataki
408,0,aguirre
3,0,hostia
1,0,paizuri
4,0,hostie
1,0,bahnhof
246,0,chode
56,0,ontario
1,0,butifarra
402,0,loner
345,0,laurel
40,0,iyot
1,0,сука
4,0,nutten
24,0,kaken
110,0,jabroni
7,0,preschool
84612,0,ger
22,0,richland
1812,0,gey
28,0,connar
160,0,rivero
6,0,tontita
39,1,rizen
172,0,catalina
808,0,gfu
17,0,typy
3767,0,dallas
8,0,fanden
1,0,tontito
3233,0,panda
62,0,hobart
55,0,renab
9,1,corrida
64,0,greeley
2,0,guasca
1292,0,ghb
1,1,sjuffi
16,1,viado
7,0,ducking
6,1,perdedor
21,0,icloud
326,1,itaker
1119,0,gif
2598,1,snake
19654,0,gin
4772,0,git
6,0,sarakin
204,0,station
10248,0,emil
2,0,orangeburg
61,0,choad
35,0,sodom
36,0,gautier
159,0,stockton
22,0,kakka
10,1,avales
4,0,eiern
5,0,kakke
51,0,avaler
21,0,nyquil
124,1,marrero
2,0,rodgering
6,0,nayarit
1,0,prcina
179,0,boykin
625,0,virgin
3,0,shemale
43,0,bostona
1,1,babahoyo
1,0,buttpounder
330,0,gls
1,0,heksa
14,0,cellular
65,0,deering
1,0,goukan
2,0,sohak
7,0,newburgh
2,0,baranga
1,0,mejía
26,0,tosser
2,0,pukek
55,2,vancouver
47,0,gmx
104,1,swinger
380,0,nggr
15,0,raddis
1073,0,vance
139,0,carrasco
7,0,yegua
397,0,escobar
2,0,heimie
1105,1,wack
811,0,goy
12,0,chinchin
2,0,rillito
50,1,menso
390,0,murder
2324,0,campbell
83,0,spanke
1,1,soreco
1,0,linkdin
1067,0,morales
41,0,evangelista
1,0,fotze
22,0,stecher
18,0,inject
6,0,chinoca
20,0,nutcase
6495,0,williams
3,0,erotik
1,0,psykopat
504,1,heaven
1,0,estupro
11,0,chinois
789,0,gud
17,0,erotic
9918,0,gun
63,0,queer
6,0,caralho
54,0,queef
4,0,batches
39,0,debil
1,0,todger
131,0,mdma
66,0,calama
2,0,klyster
2,0,kraftwerk
10,0,emuo
1,0,mastrbator
2,0,posies
57,0,messenger
11,0,virgina
3,0,daviston
166,0,snead
2352,1,stewart
1,0,huecos
2,0,virginha
9,0,tarado
26,0,tarada
4,0,fakka
5547,1,carter
8,0,laplace
32,0,speedway
1,0,fakku
45,0,annus
4,0,jalapa
489,0,virginia
10225,0,swag
13,0,paducah
4,0,igreja
4,0,coucher
1117,0,lester
2,0,cuckold
6825,0,lane
16,0,gonja
21,0,retarde
1,0,heimat
1,0,comarca
1,0,droguer
134,0,nipple
312,0,ibarra
61,0,bollo
2,0,kotzebue
78,0,isanti
2,0,urinar
28,0,swey
818,0,wank
30,0,bdsm
2078,0,wang
1761,0,kennedy
256,0,circle
43,0,gtfo
35,0,waterloo
15251,0,ward
142,0,aars
14,0,gtfu
2609,0,lara
3,0,enlace
176,0,aasi
124,0,hashtag
23204,0,christ
1,0,chiclayo
34,0,beating
16,0,lessie
2,0,pechugas
18,0,juliaca
229,0,gter
2,0,pussyfart
27,0,bukkake
1,0,poncear
1820,2,lynch
7,0,ferrol
6548,0,hag
127,0,bedford
11308,0,hai
19,0,huguley
1019,0,school
3,0,colota
54,0,gooey
12,0,schong
2214,0,harrison
110,0,.net
1,0,castrate
6,0,rtfm
3,0,villahermosa
1,0,fedido
422,0,video
4,0,fedida
20,0,norwalk
65,0,viddu
27,0,cocktail
62,2,tipsy
8,0,retarted
90,0,walnuts
183,0,bolle
1,0,putita
1,0,nippie
4,1,bicurious
64,0,kanin
38,0,shitty
534,0,gooch
126,0,hdp
64,0,lauk
99,0,bruto
2,0,forbasket
1,0,skjede
5567,0,hek
26,1,sumter
32,0,wilhoit
1079,0,hex
25,1,durge
1,1,bundão
10,0,tremper
990,0,kansas
831,1,junki
56,0,anoka
102,1,baptiste
394,0,junky
2317,0,carson
9,0,altstadt
5,0,mailing
11,1,unzip
14,0,nippel
94,0,nipper
2109,0,smash
4,0,trussville
9,0,ceiba
55,0,sieben
2749,0,chav
2171,1,chat
52,0,pajaro
3871,0,hiv
1,0,methamphetamine
47,0,brunswick
126,0,tering
4286,1,beat
1,0,suramu
438,0,camden
38,0,bolas
1,0,molestar
5,0,fouet
656,0,valdez
25,0,colony
7696,0,beck
318,0,babyj
5,0,durex
8523,0,okie
897,0,crock
5,0,pajaso
1503,2,gonzo
733,0,bebe
84,0,croch
553,0,mear
67,0,neger
332,0,dickson
4,1,arecibo
272,0,beej
20,0,tushi
92,1,advance
255,0,befa
2,0,acabar
287,0,meds
498,0,darwin
1,0,fünfzehn
5,0,hallik
3151,0,beer
12,0,fayetteville
2,0,sutian
480,0,bedo
301,0,bede
6,1,baari
11,0,schwantz
2,0,milkers
11,0,xeca
6578,0,hof
12,0,preserv
8251,0,hoe
6360,0,organ
627,0,annal
23731,0,hoo
25515,0,hor
12463,0,hot
121,0,liquor
10093,0,hos
295,0,nisse
6,0,negga
2725,0,chis
7,0,stupide
56,0,befe
14,0,stupida
1,0,katawa
10,1,befd
4,1,pitillo
3046,0,chit
6,0,beft
93,0,hyder
17,1,monterrey
2,0,arrapato
1,0,gutiérrez
1221,0,aben
1272,0,orgia
6,0,maagd
898,1,henderson
14,0,machala
216,0,ccane
2076,0,blanc
2,0,nudger
17,0,cappella
2,0,tocarte
120,0,buckshot
92,0,saavedra
68,0,tarrant
70,0,rommi
571,0,yhoo
3388,1,melo
1991,0,chon
310,0,belk
4,0,chenega
7,0,fuder
7,0,stecha
1,0,acendi
11,0,milkweed
137,0,deads
462,0,vidal
5,0,kaibab
1951,1,eight
43,0,chihuahua
478,0,orgie
1,0,plaquemine
325,0,elwood
1038,0,smack
3,0,tussu
932,0,mens
31,0,tussi
1,0,edificio
2322,0,izard
251,0,negra
56,0,pizarro
1893,0,blade
1458,0,berk
29,0,chuj
50,0,hogar
91,1,burnside
2,0,wetumpka
1,0,sutien
77,0,wichita
2,0,nenana
1,0,キチ
2,0,checca
148,0,frak
47,0,khara
13,0,santander
114,0,frap
1,0,død
2,0,cotorra
39,0,wainwright
15,0,chattanooga
45,0,calgary
212,0,rubs
5,0,nerchia
2,0,chinpoko
1774,0,abos
2360,0,merr
770,0,negro
2,0,shreveport
28,0,spion
4,0,zionsville
89,0,dinky
6,0,bokki
93,0,guey
502,0,meto
3,0,silverhill
1,0,bhangi
6,0,beuh
1530,0,meth
4,0,budwieser
2,0,poyas
11,0,bewb
18,0,ruft
28,0,nightlife
5,0,bessemer
30,0,fakes
8,0,dankon
64,0,geraldine
923,0,patterson
1040,0,racha
50,0,tripi
1782,0,ruiz
2,0,supremos
11,0,liquer
46,0,dingy
35356,0,ice
74,0,turro
33,0,turra
3214,0,guin
42,0,zilch
1,0,ñero
2,0,fjolle
1,1,sorete
2,0,selawik
70,0,poes
303,0,frig
136,0,frik
11,0,dlck
1,0,spiesa
2,0,elfrida
4127,1,lopez
4,0,gómez
43,0,gonad
2,0,hittla
6,0,naperville
14,0,mojar
20,1,kingsport
171,0,pogo
1994,0,rump
1,0,スケ
20,0,frkn
47,0,valva
1,0,tacuche
37,0,bunger
10,0,mamada
27,0,ghazal
1676,0,benga
716,0,solomon
294,0,mercedes
1,0,bostoes
54,0,mamado
20,0,seize
187,0,papar
285,0,alexandria
555,0,cide
35662,1,nick
187,0,poil
7,0,poia
5,0,zoccola
6,0,greensburg
514,0,polk
1145,0,pole
96,1,ownage
1679,1,nies
834,0,cien
135,0,poki
127,0,lespe
215,0,nido
378,0,rute
1,0,bizpo
1713,0,death
16936,0,imo
3,0,kysse
229,0,nigr
321,0,idaho
12,0,lópez
36,0,.org
1108,0,niga
10,0,yiff
9,0,exeter
1,0,sapphos
5,0,cleburne
1530,0,pope
8,0,kujon
2,0,teinou
1590,0,poop
6,0,blauwe
29,0,bumbum
61,0,triana
219,0,poof
5801,0,olla
1295,0,poon
418,0,mfer
5,0,bonao
11,0,tocard
49,0,pyroman
1,0,arrecho
119,0,acct
376,0,porc
130,0,porn
312,0,licker
1,0,hajiki
24256,0,irl
1197,0,michigan
187,0,chingo
58,0,chinge
43,0,borracho
55,0,popr
2,0,tocate
4126,0,nine
93,0,pusher
1354,0,acht
77,0,cinq
11102,0,ning
308,0,poto
72,1,concord
2,0,jontex
440,0,acid
12,0,posy
47,0,norfolk
5,0,cajamarca
4,0,prdel
39,0,canelo
8,0,kozen
1,0,stepford
1,0,trekken
12,0,suffolk
7,0,chittenden
218,0,semen
11,0,s.o.b
276,0,nips
14,0,chinbo
17,0,panola
23,0,fugly
647,0,trenton
11,0,chinba
2,0,chapado
94,0,ivg
2,0,blondine
15,0,pouf
3,0,masturbator
1,0,lortes
35,0,lewat
5,0,lorten
146,0,cipa
2,0,minnaar
22,0,poxi
885,0,olut
1879,0,number
7,0,chinpo
22,0,itá
2,1,conchadetumadre
11,0,cuzco
9,0,tantra
6,1,brookhaven
64,0,laredo
47,0,guaca
90,0,badoo
10,0,ludra
6031,0,city
3,0,ludre
54,0,hemma
51,0,fishers
53,0,lewes
1,0,fomante
524,0,cristo
33,1,poya
13,0,poxy
4,0,cristu
8,0,tispe
1282,0,hamilton
7,0,chinle
1,0,gaylesville
191,0,lawton
174,1,madre
1,0,shicksa
4,0,hanuri
19,0,piedmont
1,0,budweizer
1,0,sorcho
1,0,llamarte
188,0,kraut
36,0,tissi
61,0,tisse
3,0,kozou
5158,0,lewis
14,0,youngstown
1,0,brandying
10,0,chinko
304,0,seymour
52,0,beque
62,0,erect
7,0,telefon
1743,0,jap
817,0,jaq
36,0,fanme
6,0,anillaco
203,1,levis
7,0,nasist
4,0,testies
2,0,roldán
555,0,turkey
5,0,miyama
1,0,morphina
1,0,gobierno
17,0,aguada
2,0,konnard
17,0,morphine
820,1,catherine
8,0,paypal
1327,0,reynolds
7,0,blejt
12,0,l&m
3,0,mespace
173,0,mancha
4,0,marshfield
349,0,manche
8,0,lajas
3221,0,jew
3,0,metairie
75,0,zmal
7,0,telephone
24,0,izabal
1283,0,bleed
232,1,epes
1,0,panucho
7,0,oneonta
3,0,whatsapp
1,0,sexting
13,0,emails
114,0,madrigal
120,0,brandie
2038,1,street
2780,0,elizabeth
187,0,hottie
3,0,gennama
57,0,eikel
1,0,pelotudo
2,0,comunista
3,0,contraseña
7,0,boning
343,0,jii
3663,0,jin
15,0,cigare
2,0,cigaro
3,0,tantat
205,0,bgal
37,0,paska
11,0,oaxaca
669,0,mccarthy
28,0,eighteen
51,0,omfg
107,0,syre
18,0,manteca
1,0,gówien
80,0,nookie
73,0,fhawk
36,0,iitch
31,0,alkis
93,0,mauldin
932,0,bender
123,0,kappe
13,0,whitefish
3,0,cussing
99,0,geezer
6,0,marola
5,0,fisting
1178,0,georgia
16573,2,brandon
2,0,stygg
5,1,sappho
323,0,adak
1,0,abortar
527,1,boner
7,0,culito
22,0,niquer
1,0,caganita
1387,0,castro
93,0,luder
2214,0,hughes
16387,0,addy
35,1,guano
322,0,krack
501,0,jpg
69,1,blueball
5,0,petiso
551,1,phelps
1310,0,cougar
6,0,pr0n
2,0,yandez
367,0,stupid
2,0,arequipa
6,0,ouvert
7,0,klote
1,0,говн
1299,0,denver
11,1,westminster
255,0,oklahoma
5,0,recife
1,0,véna
2087,0,molly
10,0,hindus
64,0,lorte
10,0,lorts
165,1,newport
64,1,daygo
1,0,guntersville
91,0,kaat
139,0,eichel
1,0,acabada
25,0,parasit
50,1,westover
8,0,roofy
2,0,scottsboro
162,0,sixty
10,0,dogging
5,0,medicina
49,0,strasse
3,0,bareto
73,0,roofi
21,0,blatte
1,0,kyochin
402,0,vaca
29523,0,jus
278,0,juu
1,0,chupes
2,0,soumis
1,0,hovnech
71,0,contact
6,0,ficka
2,0,tirer
2,0,bochas
959,0,macho
508,0,macka
465,0,parra
2,0,prcat
1,0,tjukk
117,0,parre
2,0,prompe
1,1,jinotepe
1,0,klitten
128,0,anpan
406,0,booker
27,0,chimar
2,0,tetona
143,0,roosevelt
47,0,goodyear
51,0,dritt
1,0,racoler
32,0,monchis
44,1,nagger
420,0,kake
37,0,castleberry
4,0,collierville
9,0,williamsburg
4273,0,bailey
1661,0,peterson
1,0,ladonia
757,0,kaka
122,1,tigres
709,0,drink
470,0,vail
9,0,namorado
6,0,parvo
219,1,macon
4,0,camcorder
271,0,ficer
360,0,ficen
101,0,falos
1,0,victorville
314,0,kalb
6,0,neiva
130,0,splif
10,0,download
1,0,rammler
2,0,exstasy
9,0,truxton
170,0,champagne
9,0,grenada
5,0,nudist
1061,0,oregon
3,0,fünf
4,0,uniontown
20,0,poblete
1086,1,kao
12,0,pulte
658,0,loser
134,0,cripple
154,0,thong
402,0,selma
86,0,valdivia
1,0,hindou
41,0,ceint
91,0,tocar
5,0,extacy
13,0,burlington
1,0,juoda
2,0,martínez
1159,0,vara
48,0,boxers
93,0,kdv
525,0,atlanta
103,1,vergara
9,0,kearny
28,0,jacksonville
2,0,école
6,0,cowlic
20788,0,kes
1489,0,detroit
143,0,katu
53,0,dippy
1,0,taylorsville
8,0,culiar
8,0,øl
2,0,bibico
25,0,sterrett
938,1,sniper
11,1,bethlehem
1,0,venetie
17,0,lespen
12,0,hempstead
253,0,pardo
1656,0,once
4,0,tibbie
62,0,elske
14,0,parar
24,0,coger
18392,0,kil
3,1,snapchat
1,0,oficina
73,0,whatley
11457,0,kit
8,0,rialto
5,0,molbo
4,0,seksi
40,0,bipolar
86,0,teets
1,0,senzuri
617,0,kkk
3,0,ronpari
4,0,chupar
53,0,pargo
8,0,marbella
2,0,tirar
338,1,duarte
23,0,seventeen
23,0,fishhook
113,0,bustos
26,0,cabezon
4,1,leupp
2,0,passaic
40,0,bhem
49,0,wead
2670,0,martinez
4,0,tocame
47,0,queve
3,0,shuin
12,0,duske
1627,1,lead
2,0,saleau
28,1,queue
401,0,bombs
1,0,pillerman
6689,0,kon
5523,0,kos
4833,0,kot
3,0,daymn
1035,0,leck
13,0,puler
2,0,kiffa
1960,0,bombe
206,0,kpc
1,0,huslia
1,0,tinggil
11,0,snert
2783,0,webb
49,0,whetstone
1626,0,ween
2,0,huecas
952,0,lefa
16,0,dushe
5630,0,weet
3,0,parir
1356,0,weed
107,0,balloon
101,0,berserk
2,0,exstacy
25,0,zinna
156,0,pills
1,1,álvarez
236,0,fifty
14,0,pillu
93,0,troia
9,1,thibodaux
246,0,pille
48,0,crozier
16,0,gosar
7,0,zobre
1,0,drowssap
373,0,downey
289,0,latino
6312,0,moore
114,0,uriah
287,0,eleven
389,0,kug
382,1,tickle
734,0,kuk
66,0,opfer
26,0,skilling
135,0,throb
1624,0,wein
5,0,managua
5149,0,kus
10,0,quief
1417,0,kut
215,0,burgos
32,0,livengood
208,0,midway
831,0,waldo
41,0,kvg
1,1,narhat
34,0,raids
13,0,address
1029,1,troll
4,1,f0rk
97,0,trolo
2,0,derrier
1,0,bandant
2,0,mcconnico
4,0,mayate
17,0,marrano
8,0,bondage
1,0,krankenhaus
1,0,zobor
1123,0,lela
32,0,export
14,0,3some
59,0,piranha
37,0,chicot
2493,0,kys
13,0,diomede
803,0,disco
74,0,licor
4,0,durán
174,0,dickens
30,0,cardiff
13,0,strutte
79,0,explosion
266,0,phile
27,0,ososo
115,1,saxman
21,0,outlook
43,0,camping
1,0,sleiker
31,1,weon
10,0,coito
4,0,valparaiso
1,0,cotopaxi
1,0,utoob
1,0,belgreen
1,0,corozal
19,0,hmfic
5,0,flagstaff
1,0,chariton
1,0,saatana
6,1,noldus
17,0,besar
1417,0,wally
7641,0,lover
4,0,trotl
616,0,onze
1942,0,prat
2,0,lingerie
28,0,cerveza
418,1,spook
12,0,marijuana
6561,0,lap
1,0,sobador
219,0,wales
176,0,lesy
2,0,dayquil
80,1,bugger
9,0,germantown
2,0,amerloc
277,0,lcd
47,0,fugu
3448,0,bryce
1,0,youpin
15,1,veracruz
6,0,capado
2,0,manaos
372,1,booze
9,0,pajarito
20,0,fufa
45,0,preto
195,0,doce
2,0,diarea
72,0,budweiser
2,0,megargel
17,0,preta
1,1,denkmal
3,0,milonga
22214,0,lem
71523,0,les
1459,1,dock
5675,0,lez
5,0,fuhk
49,0,idgaf
8422,0,baller
17,0,beaufort
16,0,quaglia
3,0,fuhc
5,0,muslin
40,0,muslim
3,0,nudity
11,0,fukt
40,1,porker
2,0,sguda
636,2,bradford
2951,0,dodge
7,0,cerote
173,0,putnam
1124,0,claw
174,0,caballero
1,0,gueule
32,0,quif
1,0,currar
2487,0,clan
281,0,quim
5,0,medicar
20556,0,lic
3,0,pajero
24481,0,lit
8,0,knegro
1303,0,pris
3099,0,liu
1411,0,homer
2214,0,erie
3370,0,pric
5,0,bogalusa
5,0,ccaine
3388,0,roberts
534,0,bich
10,0,zoho
8,0,sherburne
1,0,bastered
14,0,prkl
509,0,doit
188,0,dois
348,0,uinta
241,0,oogy
138,1,biba
74,0,stanfield
2,0,assmunch
8,0,fernet
1,1,nanafalia
5,0,culpeper
13,0,blotte
549,1,clifton
6,0,hakeer
141,0,fuqu
2193,0,lmc
30,0,rubbers
68,0,burbank
18,0,smexy
2125,0,three
20,0,doky
28603,0,n19
945,0,bier
131,0,lonely
1,1,imbecile
2,0,chochito
28,1,kulli
3,0,cornfields
333,1,mide
552,0,ashman
7658,0,mick
31,0,greenville
338,0,bagel
5714,0,lob
363,0,bigi
11,0,tumblr
1732,0,bige
1,0,pendejito
2446,0,biga
5,0,macaca
408,0,pron
1,0,liguen
238,0,chichi
17,0,slidell
108,0,clio
29,0,dolk
7,0,freebase
452,0,eroi
141,0,besta
247,1,miff
25,0,clearwater
3,0,r4p3
3,0,wilsonville
148,0,clit
7,0,daiquiri
3574,0,eros
8,0,natchez
198,0,errs
437,0,dook
2558,0,affe
626,1,jennings
953,0,zona
530,0,affy
3,0,8--d
2,0,cerveja
1,0,feiten
2296,0,ballin
193,0,chicha
43,0,pilin
51,0,chiche
1,0,valdés
16,0,peludo
1324,0,dong
560,0,doob
1,0,barnstable
996,0,lsd
1583,0,superman
2,0,reputo
37,1,disko
1,0,jewess
680,0,mafia
42,0,bryst
1132,0,dorf
316,0,mijo
4,0,peluda
1,0,topock
31,0,wheeling
1626,1,dope
2081,0,calvin
2,0,fuvk
38,0,danville
38,0,smexi
3265,0,lug
92,0,booby
1038,1,allah
2281,0,lul
6,0,xoxota
129,0,dosu
6574,0,lus
1371,2,patte
291,0,dosh
226,0,boobi
192,0,patsy
99,2,prut
3,0,kotlik
1,0,amoureuse
1985,0,chicago
17,0,moccasin
223,0,milf
38,0,nineteen
501,0,dork
2,0,gardendale
365,1,dose
26,0,lesbian
1,0,bingolin
1388,0,erva
11,0,pikke
28,0,kcid
10,0,cochon
2229,0,monta
28,0,gstring
54,0,habla
3,0,akiak
7,0,cigarro
6,0,waveland
215,0,bint
6757,0,ming
1885,0,bing
19,0,toucher
28,0,aalen
7,0,bylas
669,0,london
123,0,schuyler
2,0,millry
65,0,chuco
1,0,penisen
1,0,flowood
1,0,argolla
124,1,senha
3,1,zuhause
671,0,bite
736,0,bitc
664,1,doze
5,0,ludder
75,0,mirl
4,0,p.w.
2153,0,robinson
16,0,nekru
5718,1,henry
2580,0,bish
30,1,blackberry
126,0,bise
1,0,sekkusu
6,1,travelo
134,0,doya
1,0,azuay
2,0,spieser
53,0,fvck
9,0,fudger
187,0,zozo
45,0,punto
4812,0,mitt
3,0,inchiki
48,0,inbai
1994,0,sanders
25,0,craighead
12132,0,mai
5,0,baiano
4,0,bixa
34,0,habbo
3,0,vozze
23,0,satans
3981,0,wright
3,0,tussen
415,0,merca
630,0,rubin
30,0,xixi
18,0,batavia
1784,2,carolina
92,0,mormon
127,0,titti
4,1,cocaina
6,1,frigga
21,0,senos
58,0,cocaine
2,0,anschlag
2840,0,meh
205,1,fanny
11,0,orkut
32,0,kcuf
48,0,marlboro
269,0,7mar
14,0,potosi
273,0,mfb
122,0,titty
3,1,littletown
59,0,merde
7,0,cohoe
10,0,karhu
175,0,merda
1,0,popozuda
35,1,nooner
121,0,cmax
38,1,striper
1,0,residenz
1,0,fræk
51,0,receiver
265,0,amour
121,0,athens
10790,0,miller
1,0,bataya
6,0,tabacco
28,0,ficken
2,0,luisiana
22105,0,mis
25,0,ficker
23,1,slana
516,0,booty
2,0,setenta
3917,1,dirty
51,0,striped
2,1,guzmán
111,0,opfa
7,0,autobahn
4477,0,berry
111,0,chute
8,0,bragas
27,0,eclectic
1,0,pousse
10,0,tortas
2,0,nulato
1,0,aguardiente
4,0,prattville
8,0,uccello
53,0,abort
3,0,dirne
1,0,erektio
11,0,anruf
48,0,amory
584,0,mongo
2,0,geule
2,0,violador
5,0,batard
110,0,ozark
11,0,bedroom
14,0,cigaret
13,0,arroba
1,0,chupala
630,0,mp4
911,0,mp3
2,0,earthlink
1,0,collinsville
1454,0,moa
4,0,jebat
12,0,orihuela
4928,0,mod
253,0,chupa
31,0,slask
57,0,chupi
13744,0,mos
63,0,dirka
42,0,swass
9,1,scuzzy
65,0,atchison
1,0,cortar
4,0,negrow
17,0,moyano
1,0,tenbou
402,0,flock
3115,0,gordo
9,0,negroe
242,0,patin
300,0,slave
2,1,goebbels
104,1,gorda
2,0,patif
82,0,durango
2316,0,mrc
1101,0,boone
186,0,greenwood
1,0,springville
62,0,cutting
42,0,inbox
766,0,msg
179,0,chula
9132,1,allen
779,0,msj
1,0,peterborough
404,1,allee
929,0,msn
4302,0,esti
8379,0,mst
123,0,nekid
346,0,chulo
231,0,pikes
5,0,pssd
8,0,.hitch
26,1,patate
42,1,excite
1,0,spiessa
1,0,kawartha
232,0,slaps
5,0,punga
3156,0,jade
15456,0,mus
16256,0,jaco
36,0,piken
7934,0,ashley
184,0,piker
2,0,jebie
80,0,rochester
245,0,chump
545,0,slash
1726,0,greene
1,0,knallen
5,0,poontang
305,0,crappy
4,1,quenga
6,0,auschwitz
22,0,chiant
1,0,vigina
3,0,odeio
2,0,dictador
3,0,centreville
1,0,baibu
2,0,demopolis
1,0,pernambuco
78,0,kauai
7,0,kelowna
1,1,quebradillas
11,0,website
100,0,wyoming
1,0,tierheim
9,0,drogar
512,0,pinto
126,0,cabro
9,0,pinus
53,1,niño
58,0,evergreen
1,0,atacama
2,0,picacho
16,0,oxnard
14,1,niña
3,0,espaillat
34,0,vancleave
12,0,pownage
2,0,rapist
1,0,andorga
6,0,zwanzig
1,0,sylacauga
9,0,manitoba
22,0,nabot
10875,0,nah
20420,0,nar
1,0,tohmo
2268,0,chelsea
12,0,cruda
3,0,thorsby
5,1,hoedown
19,0,crudo
16,0,masterbait
1,0,lawrenceburg
5625,0,neg
4,0,papucho
37,0,faggot
1,0,florala
6132,0,nen
851,0,jara
12,0,pisser
1,0,pisses
574,0,jari
5,0,rassen
1428,0,franklin
74,0,onbou
10376,0,ngr
2901,0,douglas
839,0,ni9
1,0,burrona
2,0,lesbiana
424,0,oyboy
132,0,skank
1026,0,gallo
14988,0,nig
422,0,stevenson
25,0,maniaco
3747,0,nip
2443,0,niq
27,0,svans
170,1,cacho
3320,0,brooks
1,1,hartsville
19,1,herps
7,0,yngle
28,0,marbury
2096,0,bucks
11,0,baise
5,0,baita
1,0,kutasie
25,0,onaru
5,0,liqour
709,0,lincoln
58,0,p.w
20,0,riata
36,0,joliet
4,0,starkville
72,0,pinda
4,0,lazzie
11,0,huasca
2,0,urination
494,0,stripe
192,0,portland
35,0,peluche
1,0,chiisme
2,0,moniteau
354,0,ahab
218,0,whack
26,0,cifuentes
9,0,attalla
10,1,bastrop
5477,0,nob
8,0,bitsch
5,0,faggit
2,0,tsaile
182,0,pinal
287,1,wisconsin
7,0,kunni
3,0,bluball
18,0,faros
1,0,bourse
1,0,hahnville
25,0,lezzy
338,0,farla
92,0,focker
83,0,fairbanks
1,0,terminar
13,0,herir
93,0,goule
1,0,dogata
5,0,pinis
28,0,irrer
5,0,skider
3,0,ninpho
8,0,lezzo
1925,0,aher
25,0,droit
41,0,rakam
47,0,cacca
497,0,martini
10,0,kiffer
3,0,kiffen
29,1,martiny
4,0,condomi
127,0,piner
1,0,coquimbo
2,0,fagget
2960,0,ntm
89,0,pingo
2,0,mongolito
108,0,pinga
548,0,nua
6474,0,nue
33,0,skarn
60,0,chorizo
12938,0,nut
52,1,droga
814,1,whip
20,0,fesser
1,1,cabecinha
183,0,rutledge
189,0,alpine
16,0,anusu
5,0,mariejane
1935,0,alone
38,0,whang
3,0,tualatin
4,0,morristown
743,0,jasper
3,1,unalaska
983,0,herbe
171,0,fargo
57,0,gouge
3287,0,vega
54,0,ariton
1996,0,edwards
108,0,hamburger
10,0,lezbo
2,0,popery
196,0,puppe
46,0,armenia
3,0,luzbel
1,1,saloper
1,0,salopes
23,1,sawmill
1,0,guanajo
93,0,searcy
1,0,brothel
67,0,pontiac
230,0,odder
11,1,dothan
39,0,magor
4,0,hunkies
733,1,ferrar
22,1,saddo
18147,0,kell
14,0,fredonia
72,0,valera
2,0,gudon
364,0,maestro
2,1,gizzum
11,0,horing
4,0,wenden
188,0,ditch
1,0,sexule
4134,0,kent
263,1,image
22,0,glenwood
11,0,nympho
1,0,milledgeville
6,1,esposo
5,0,tranca
8,0,shyte
7,0,fenerb
21,0,burdel
7,0,esposa
1313,0,class
1,0,jeffersontown
9,0,chaira
7573,0,clark
113,0,homse
7,0,cipote
4,0,juter
3648,1,bradley
22,0,congress
2,0,pucy
605,0,drap
1835,0,redskin
1289,0,puck
95,0,betch
2,0,hochhaus
4381,0,vera
2,0,koumon
2012,0,shelby
7018,1,steele
53,0,pube
1,1,pendeja
1,0,az3ar
269,0,puer
12,0,pendejo
144,0,puds
2840,0,turner
4470,0,ofi
56,0,canadien
2,0,quilmes
2,0,skaip
2236,0,oral
11,0,calson
1,0,drinkki
23,0,hommo
10,0,moderator
3,0,tuiter
9,0,skabb
284,0,platinum
36,0,romper
280,0,chronic
1006,0,drei
938,0,ogt
231,0,lancaster
10,0,aravena
1,0,doidão
9,0,kanker
77,0,heppe
290,0,meter
4,0,ramoner
1236,0,puff
9,1,southport
46,0,newark
1,0,kundy
13,0,kundu
1,0,piroca
1,0,cadavre
42,0,onani
52,1,diggers
9,0,degos
48,1,kunda
151,0,bethel
566,0,coca
113,1,bourbon
4594,0,anderson
26,0,knippe
35,0,pelusa
1,1,fultondale
34569,0,drew
58,0,frack
2673,0,coco
3664,0,cock
1109,0,nobi
909,0,crawford
32,0,klepto
308,0,elmore
2,0,tyonek
8,0,burnaby
165,0,pule
361,1,drit
5,0,correo
50,0,puki
78,0,honky
271,0,drip
261,0,orgy
1,0,kwadeh
182,0,holbrook
141,0,newbie
8,1,rizzen
12,0,portable
127,0,puke
46,0,carchi
3014,0,orgi
17,0,bubis
1,0,sacrement
1385,0,bled
2,0,vulve
104,0,pung
199,1,sacre
4,0,vulva
23,0,tranny
858,0,mcdonald
3,0,mooresville
50,0,aibu
376,0,lamer
2942,1,thompson
25,0,gummer
5,0,guevon
3,0,scrota
1,0,helvetti
464,0,williamson
3,0,affanculo
3,1,floozie
12,0,lewiston
9,0,fozze
200,0,dealer
258,0,peacock
69,0,pult
85,0,hongo
56,0,saline
140,0,urine
11,0,hinchar
5034,0,lick
282,0,noir
241,0,aids
256,0,bubby
20,0,retarded
4585,0,opi
75,0,noia
19,0,transu
10697,1,opp
32,0,puno
23,0,whitehorse
2,0,saskatoon
1,0,cagadas
1998,0,punk
4050,0,colo
6,0,troxa
1,0,barberet
105,0,purk
17721,0,cole
4526,0,cola
2,1,aieki
9,0,transe
12,0,bronha
8,0,viini
3,0,steroide
956,0,coke
28,0,gisela
49632,0,ort
1518,0,pupp
168,0,superior
4,0,saucisse
566,1,salina
3,0,viina
7,0,coks
25,0,steroids
19,0,skanky
50,0,ahbal
388,0,pute
1482,0,cono
10211,0,osi
42589,0,osh
137,0,puta
2,0,guanare
66,0,chucha
499,0,puss
6,0,pusu
177,0,chucho
809,0,weston
10,0,pusy
12299,0,ote
1682,1,liga
1080,0,wife
101,0,pusa
7,1,brampton
1208,0,cona
104,0,disneyland
135,0,puro
45,0,sexual
434,0,messe
42,1,payson
10,0,cachetes
72,0,albany
5,0,ousama
26,0,fatality
1,0,burrinha
3,0,pimel
1560,0,coon
701,0,noob
243,1,puto
34,0,blls
189,0,putz
2,0,runpen
1175,0,coro
238,0,blok
1,0,taradona
358,0,blog
268,0,drug
2,0,guayama
2,0,puxa
1164,0,blow
31,0,massage
3358,0,orto
2184,0,torres
39,0,blubbe
58,0,britches
153,0,wimp
3804,0,link
250,0,coker
130,0,florence
1,0,sacré
7,0,salida
1417,0,linn
8,0,ouvre
9,0,salido
1,0,escuintla
5,0,repton
42,0,pueblo
9,1,mosses
31,0,puebla
126,0,yoro
146,0,wila
180,0,pinche
1564,0,palmer
2,0,amazonas
256,0,ak47
978,0,nove
704,0,assassin
1,0,hirnlos
157,1,soriano
381,0,coup
7,0,condm
490,0,omaha
167,0,ridde
1535,0,wine
7,0,buttock
1,0,pouilleux
72,1,blvd
28,0,sopro
236,0,faulkner
12,0,toxico
203,0,guinnes
3,1,kitchener
3824,0,lips
45,0,coxa
2,0,filadelfia
34,0,dearborn
10,0,brokeback
227,0,broadway
176,0,aitr
2760,0,miami
83,0,conar
2664,0,sanchez
11453,0,pal
41688,1,pat
9081,0,pas
26153,0,pau
3,1,ostsee
94,0,noya
46,0,perico
60,0,rockford
20,0,sinaloa
7,0,beffer
70,0,saget
6,1,locale
262,0,fatal
13,0,sunnyvale
7,0,maricon
127,0,pcf
223,1,araya
235,0,hilling
137,0,trinidad
230,0,pcp
6,0,f5ad
8417,0,live
90,0,rampe
25,0,worcester
1,1,kuronbo
105,0,alberta
1,0,insulto
2620,0,layton
1606,0,ramos
132,1,bleeding
35,0,motel
8443,0,pee
5,0,putah
3,0,picayune
28348,0,pet
2471,0,ingle
2,0,silicone
67,0,period
69,0,spearm
1,0,mamucha
4,1,neguer
20,0,dekalb
1165,1,medina
136,0,winchester
9,0,veado
3,0,eutaw
3,0,twaht
21,0,omame
2,0,clitoris
48,0,rapped
1987,0,gilbert
3,0,pyjamas
32,0,hacken
3,0,gostosa
302,0,tempe
11867,0,pic
50,0,kokomo
4170,0,pig
5,0,gugle
5303,0,pil
3932,0,pik
7058,0,pir
3741,0,pis
4,0,putes
3,0,wabasha
3,0,wichser
1,0,shongopovi
15,0,fondle
21,1,libber
18,0,nonce
11,0,privates
5,1,gostoso
10,0,janesville
1,0,babser
24,0,locate
5,0,choncha
1,0,nørd
1530,0,kimberly
10,0,hentai
1696,0,oshe
1,1,schnalle
3,1,purken
81,0,botch
23,0,choncho
268,0,gringo
1,0,busone
358,0,ajax
92,1,shawnee
1,0,stewartville
1,0,ñonga
8,0,shadha
273,0,pms
1933,0,lawrence
145,0,bible
311,0,png
1,0,noventa
5,0,chingar
2,1,chingao
153,0,cherokee
1910,0,pod
1,0,shibaku
2,0,limada
1547,0,pom
11709,0,poo
6946,0,pot
6277,0,pos
487,0,parrish
75,0,schmuck
655,1,marion
26,0,munford
1,0,mensaje
111,0,hetro
268,0,slider
20025,0,smith
20,0,antares
14,0,pqp
476,0,fatty
130,0,burley
20,0,joden
2,0,ciospo
11,1,terrebonne
37,0,jodes
13,0,joder
46,0,olmsted
251,0,prk
10,1,kuppa
1,0,lortene
21,1,asesino
106,0,prw
15,0,assassinat
6,0,kokota
4441,0,freak
199,0,ganja
2381,1,psy
4,0,tarija
7,0,nenita
54,0,marika
39,0,pushi
8,0,esperma
9,1,fairhope
57,1,fatso
2206,0,pud
767,0,pue
2830,0,pul
8,0,libertin
14,0,huntsville
2130,0,ossi
2665,0,pus
1,0,alamosa
17,0,freckled
12,0,marido
3226,0,conne
2,0,cr1p
68,0,pedal
35,0,ta_g
39,0,paxson
41,0,calzon
112,0,maries
2,0,pvto
298,0,pwd
47,0,sagat
104,0,villalobos
18,0,bibel
2137,0,foster
11,0,fiker
14,0,lynchburg
7,0,fiken
11,0,pusse
3,0,cuacha
21,0,pussi
261,0,pussy
15,0,hellhound
187,0,eighty
148,0,daphne
2624,0,taco
1,0,estupida
104,0,soper
98,0,thirteen
2,0,chichona
13,0,kawad
2,0,schwul
864,0,teman
8,0,npva
9,0,membre
49,0,marica
1,1,tesudo
4,0,ekwok
6,0,pompier
3669,0,cooper
56,0,tweeter
401,0,account
59,1,ashland
28,0,videos
107,0,ralls
5,0,stimuli
2513,0,prime
208,0,prima
1,0,trunco
156,0,utting
161,0,route
13,0,naeger
24,0,tonline
17,1,kamera
1,0,coahuila
2,0,achohl
102,0,chapar
30,0,mucks
2,0,ekstasy
77,0,milford
3,0,parkersburg
6,0,bosne
1,0,ekstasi
827,0,pistol
2,0,bimbas
46,0,laramie
1,0,salidas
227,0,arkansas
739,0,alonso
66,0,modesto
134,0,chinese
3,0,tété
1,0,bukakke
1,0,gudiño
3,0,daquiri
5,0,s&m
1,1,pentelhos
2366,0,tant
19,1,nantucket
41,0,pecho
7,0,fagboy
1,0,kafreh
708,0,junkie
254,0,idiot
1,0,kjønn
2,0,tweeting
20,0,safel
314,0,toledo
1,1,coktails
12,0,opium
64,0,stadium
3,0,mexicoon
46,1,revolver
415,1,tapa
182,0,hoots
255,0,ossan
1,0,transen
4,1,nauvoo
1,0,bhoner
22,0,epcot
1,0,jisim
51,0,anvik
1,0,sonoita
6,1,baronet
220,1,calvert
12,0,rectal
15,0,adress
56,0,ridgeway
1,0,aweona
1385,0,tart
696,0,tarm
1556,0,tard
3245,1,tara
1604,0,harvey
1,0,pretinha
1,0,befend
5,2,laconia
91,0,drown
265,0,linden
2128,0,reyes
4,0,bluegum
1007,0,tata
1,0,chapim
20,0,creampie
36,0,position
8,0,blanes
4,0,nanaimo
1,0,taré
1,1,maconha
19,1,ifone
3,0,bosat
5172,1,ville
14,0,morgantown
161,0,irvine
120,0,hooters
516,0,grimes
100,0,khab
9,0,morir
3,0,cunnilingus
75,0,pickering
91,0,s2r
2,1,ijueputa
7,0,ghabe
9,0,shonto
170,0,illinois
271,0,balling
1,0,inepto
319,0,khat
20,0,hymie
40,0,rouba
18,0,serec
118,0,hermana
21,0,wittmann
1,0,inkaku
1,0,moriman
124,1,jeba
7,0,ambato
716,0,doggy
1,0,cristao
3,0,divvy
56,0,klutz
68,0,hermano
1,0,huaral
732,0,kills
54,0,squaw
48,0,hitler
102,0,charleston
124,0,meeker
3,0,yabai
43,0,hymen
1,0,dávila
259,0,moron
8,0,audrain
1408,0,gamin
6,0,thomasville
13,0,tolete
2,0,verein
7,1,chupete
191,1,herndon
495,0,indiana
2,0,rankou
1,0,cafiche
2,1,rohypnol
86,0,morra
208,0,bossa
142,0,prick
3,0,sherbrooke
4,1,eufaula
49,0,cartagena
1831,1,hernandez
285,0,arabi
412,0,arabe
60,0,bosta
7,0,somerton
12,0,erguss
405,0,budda
12,0,rectum
1,0,boquete
27,0,purke
12,0,biach
14,0,commy
1,0,ejaculat
56,0,birmingham
2,0,maracaibo
1063,1,finger
118,0,fayette
1,0,pignouf
16,0,nolic
4,0,waseca
1,0,f88g
5,0,madisonville
771,0,morro
623,0,commi
25,0,emelle
4,0,mnsg
2,0,nimpho
29,0,elmira
2,0,morue
19,1,ni99a
383,0,sanford
205,1,winslow
12,0,diarrhea
1,1,villarrica
37,0,magdalena
1,0,fa99ot
22,0,salope
121,0,greengo
13,0,welland
46,0,piola
2,0,salops
2216,0,maine
1,0,cochonne
77,0,hernando
19,0,roanoke
1,0,perdedora
3,1,salomé
2,0,sborra
3,0,sborro
2204,0,stevens
14,0,cagai
7,0,sangria
5,0,viols
156,0,hoser
17,0,cagam
129,1,pocho
38,0,cagar
1,0,baracoa
2,0,cagas
4,0,stabbed
314,1,viola
23386,0,rat
21886,0,ras
3,0,sucer
9885,0,rau
9556,0,raw
38761,0,ray
37,0,willcox
85,0,rbv
144,1,belmont
8,1,scrubber
7,0,3ero
30065,1,scott
4063,0,morris
2,0,3ere
4823,0,saint
1043,0,photo
10,0,pepeca
23,0,jesuit
669,0,swing
1,0,susitna
193,0,schule
650,0,jerk
594,0,duby
471,0,duch
16491,0,rev
12,0,kusen
1,0,goyim
17,0,kuser
4,0,threesome
1,0,spermicidal
156,0,rifle
2,1,almeja
1,1,anulingus
65,0,colero
21,0,trusa
202,0,.at
6,0,acuña
6,0,phoque
180,0,manchester
1271,0,crap
6,0,yankton
15,0,perker
6,0,fleshwound
29,0,movil
2391,0,.ca
1800,0,.ch
2,0,elizabethtown
1,0,aibonito
1358,0,.de
430,0,hairy
2,0,dassen
1,0,castlewood
505,0,boca
497,0,bambi
2,0,imbiss
3,0,tacna
452,0,.es
264,0,mobo
223,0,mamar
143,0,boaz
1547,0,bobo
825,0,.fr
4,0,aitkin
41,0,boeg
90,0,mods
131,0,missouri
3,0,sucia
604,0,.i.
14,0,sangrea
1,0,klyse
824,0,bode
27,0,cuenca
1,1,pöllö
280,0,moca
217,0,postal
33021,0,rod
13,0,traste
639,0,boga
642,0,dumb
321,0,unchi
36,0,meggers
267,0,.is
622,0,mofo
465,0,dump
1,0,capullo
69,0,pisco
1,0,gnukke
3272,1,cesar
10,0,mamey
47,1,bofe
133,0,boff
12,0,westport
2,0,bicth
184,0,wiener
649,0,.l.
2941,0,rpr
637,0,crip
1,0,kellyton
2,0,acender
128,0,oxford
1,0,pedophile
1,0,quisling
253,0,ferreira
229,0,boin
42,1,yarnell
1,0,djevel
1,1,genetalia
183,0,mogo
1,0,kriminell
3,0,nasrat
1,0,pichula
3,0,impotent
131,0,boka
4,0,claremont
209,0,exta
3142,0,moke
18,0,.mx
981,0,cleveland
1,0,excremento
55,0,retard
3,0,koroshi
170,1,dupa
5,0,phoda
1944,0,vich
24,0,midfield
1852,0,rtw
4,0,slaughters
11,0,gustavus
10256,0,rub
1005,0,rua
18,0,tolleson
6223,0,rue
3,0,fornicator
2,0,ponela
10772,0,rum
5828,1,bomb
3,0,pirla
6709,0,vier
8,0,cagna
46,0,boms
7814,0,dust
412,0,duro
1140,0,holland
2,0,pirulito
838,0,bola
64,0,injen
1,0,hunghang
279,0,crop
259,0,orense
71,0,sniffer
1354,0,boob
6,0,cagou
16,0,troyano
1217,0,boos
320,1,bonk
1,0,ñoco
2304,0,mona
70,0,spokane
1,0,pascagoula
958,0,bong
4,0,kurva
1963,0,rodriguez
418,0,valentine
148,0,vigo
9,0,kurve
809,1,mouth
2,0,n199a
1144,0,malle
11,0,sorca
21,0,kiosk
34,0,nooky
3303,0,rye
10,0,xopi
11,0,kurwa
386,0,kike
1302,0,kiki
107,0,poston
215,1,crud
5,0,cupertino
6,0,kurvy
4,0,dojin
17,0,xope
104,0,kechi
24,0,sorme
15,0,imagen
3,0,gestring
1,0,3ohor
8,0,sublette
293,0,kiin
594,0,phone
2104,0,bennett
425,0,compton
36,0,.uk
185,0,hussein
2176,0,mose
1,0,selvmord
980,0,patters
238,0,moso
53,0,gaylord
2666,0,mort
23,0,lebanon
2,0,homosexual
4345,0,mora
23,0,wilmington
535,1,mord
155,0,mork
904,0,moro
13544,0,kill
5,0,ochoko
1,0,roflmao
3719,0,cruz
3,0,sorom
139,1,bitches
4,0,punany
12,0,rifel
2,0,goudou
11,0,cagem
1537,0,vina
100,0,weirdo
1,0,dumming
26,0,xota
47,0,muncie
2571,0,vine
2,0,kosciusko
4909,0,moth
314,0,soria
507,0,kino
2,0,valledupar
12,0,truja
456,0,mota
25,0,petrey
128,0,biddy
5,0,silverthorne
1,0,patife
84,0,cesso
45,0,cardozo
3,0,celular
12,0,gayboy
1,0,.|.
4247,0,sap
2,0,bettendorf
12,0,nikker
9603,0,sau
1977,0,viol
29,0,stillwater
19,0,punani
4,0,andouille
210,0,spunk
60,0,petrel
1569,0,kiss
69,1,personal
4,0,sadique
55,0,abuse
6923,0,see
9,0,barbere
10,0,abuso
5,0,cokain
1107,0,montana
24,0,crummy
22,0,ballsy
14,0,ramera
2,0,alcira
3081,0,sex
167,0,whead
257,1,bozo
20,0,chincha
5,0,boobys
4,0,stront
1079,0,kita
53,0,panties
2,0,muere
35,0,skeat
10,0,bouka
163,0,cooch
16,0,tallulah
81,0,princeton
233,0,ageman
2886,0,sgu
2,0,flufi
1867,0,franco
4225,0,sht
183,0,maryland
40,0,fluck
10,0,skede
4,0,hockessin
1,0,diskotek
193,0,vinho
142,0,boule
2,0,babosa
21,0,xtasy
5,0,aashole
1,0,treinta
1,0,kurev
3319,0,six
9,0,valium
62,0,tabac
5,0,baboso
12,0,damare
1,1,sechzig
482,0,stroke
46,0,subba
242,0,vingt
987,0,skeet
3,0,sjuske
4,0,mongis
49,0,ganza
14,1,hashish
1069,0,eugene
2077,0,crystal
4992,0,smc
733,0,smb
813,0,smd
1,0,pokochin
54,0,lmao
109,0,balas
236,0,cerda
62,0,cerdo
78,0,vinte
1,0,myrde
56,1,eureka
110,0,gantt
1,0,velázquez
13481,0,sol
186,0,taber
3,0,luschen
303,0,squirt
3209,0,sot
3,0,senador
23,0,drysdale
3,0,svarte
85,0,mammoth
93,0,mongol
2806,0,spy
61,1,khayes
303,0,sheridan
17,0,racial
3212,0,murphy
10,0,pirar
12,0,hetero
366,0,syracuse
7,0,popish
77,0,brahma
68,0,ganso
14,0,wheed
35213,0,ames
37,0,moule
9,0,heroine
24,0,moula
137,0,inland
4,0,heroina
30421,0,sse
386,0,baltimore
1,0,latacunga
956,0,delta
119,0,valenzuela
1985,0,ssn
18534,0,110
935,0,guila
2,0,putim
69,0,putin
8,0,pyss
78,0,alcohol
5335,1,yankee
2048,0,std
23,0,ipone
60,0,kinky
865,0,pyro
120,1,mccomb
69,0,littleton
26,0,cooze
95,0,sevilla
12694,0,sus
2,0,rhape
581,0,sux
2,0,contacto
3,0,tonopah
5,0,kizzler
6,0,suato
16,0,mierda
1,0,mahnomen
86,0,kebab
55,0,ugay
259,0,pollard
121,0,ostie
1,0,sagta
2,0,gonore
103,0,bicho
103,0,missile
1,0,racista
1363,1,beaver
13,0,bellingham
198,0,sxc
185,0,coors
130,0,oracle
3,0,stå
2,0,kojiki
1,0,kuzuya
39,0,caucasia
2,0,cornville
1903,0,horne
8,0,basturd
34,0,quevedo
153,0,horny
1,0,marocain
33,0,makka
751,0,syf
645,0,gonzales
774,0,syt
1751,0,gonzalez
1,0,bofilo
5,0,fluss
31,0,twank
566,0,guido
6,0,middletown
2,0,anakonda
1858,1,sack
8613,0,190
1880,1,hade
3,0,birote
402,0,saco
3359,0,hack
4,0,bicchi
2,0,doigt
2876,0,amor
10,0,zipperhead
7,0,fjoll
2,0,coño
171,0,amok
1,0,lewistown
2,0,pedazo
1,0,fjols
104,0,racine
1,0,battona
22,1,climax
4,0,cincuenta
79,1,bicha
7,0,watertown
43,0,whittier
22,1,crittenden
17,0,bouze
819,1,sado
4,0,pisello
30,1,pingle
7,0,hampden
22,0,testes
70,0,garrido
8,0,greenwich
1,0,pollazo
45,0,bouse
1,0,cocktaili
47,0,tasker
2,1,gnukk
29263,0,tal
15181,0,tas
449,0,ugly
25,0,wraps
49,0,filet
163,0,auntie
3,1,prkle
5,0,berlioz
282,0,trujillo
3541,0,balls
5650,0,sain
825,0,ballz
1,0,whitesboro
3613,0,balla
12,0,frankfort
9203,1,balle
5,0,pocatello
11,0,taavi
37,0,ugok
1,0,montare
90,0,nimrod
4,1,mefisto
143,0,village
2,0,feminin
2464,0,smooth
3,0,racism
1,0,racisme
1,0,rukken
27,0,racist
8,0,rukker
6473,0,hale
1102,0,half
2,0,savoonga
2,0,wade3a
852,0,drunk
13,0,renville
5,0,shaiba
17217,0,tel
23959,0,ten
86,0,corna
14,0,seligman
4185,0,tet
2120,0,hake
79,0,zengi
2866,0,tez
9,0,anamia
392,0,willow
23,0,waterbury
10,0,slawter
2,0,unhinged
1,0,poofter
512,0,hanf
84,0,huevo
2,0,monhat
50,0,corno
1474,0,salo
2,0,proletar
2143,0,blood
2164,0,thc
169,1,idot
2824,0,sale
7,0,erogen
108,0,trusse
5,0,kobuk
1,0,dekachin
18,1,carrizo
6,0,rensselaer
21127,0,tie
161,0,zwei
11093,0,tit
8,0,beaverton
54,0,loring
430,0,tonma
1,0,naguabo
4,0,artemisa
1,0,kutasy
3928,0,harm
80,0,olympia
11,1,blotter
3,0,neufs
533,0,webster
20420,0,hard
142,0,houck
4,0,tdtm
125,0,garce
414,0,tweet
163,0,akron
6,0,xanga
1,0,tykke
2,0,tykki
1,0,punkero
102,0,romance
2,0,sexed
5,0,fallos
87,0,oviedo
3160,0,hate
637,0,mckenzie
40,0,hasj
52,0,littlefield
12,0,hornell
80,0,bacardi
2864,0,anal
2,0,andalusia
1,0,nonante
1182,0,tnt
1409,0,hash
1,0,fornicar
12294,0,tod
1,0,faxen
6142,0,tot
2,0,somnifero
839,0,morrison
114,0,twerk
56,0,drugs
3388,0,willie
2,0,yariman
1,0,calisse
774,0,anfe
20,0,smyrna
2,0,sexal
80,0,tonta
414,0,tonto
73,0,loveland
8,0,battere
8,0,norks
26,0,muñoz
1,0,shnouf
2,0,iguazo
51,0,alcoholic
8,0,tanana
200,1,peralta
224,1,canton
4,0,bryster
3108,0,tub
2573,0,tut
105,0,manko
4150,0,anis
16,0,clito
58,0,ctrl
4114,0,warrior
1,0,fissen
2,0,vicksburg
7227,0,two
480,0,latte
2,0,bijoux
1,0,fisser
64,0,manky
34,0,picante
21,0,polack
302,0,txt
12,0,nicollet
4,0,cucos
2187,0,tyk
19,1,speedbal
9,0,leesburg
1,0,landkreis
69,0,campus
1163,0,halle
6497,0,anma
3,0,fiote
391,0,manne
26,0,ortos
3,0,bebota
1,0,torrington
5679,0,house
1,0,páez
14,0,casada
697,0,teet
68,0,knoxville
33,1,sativa
177,0,teef
1839,0,teen
1482,0,jerome
2013,0,watson
30,0,nahgr
305,0,ecchi
15,0,feces
2,0,naranjas
1,0,novios
12,0,bermejo
46,0,corto
3,0,flogged
1,0,negrata
8087,0,anti
583,0,keene
22,0,glendale
2,0,бле
349,0,caine
20,0,fecal
95,0,frigg
1,0,ketamine
9674,0,anta
20,0,spazzy
1,1,troncho
51,0,houma
1019,0,tele
61,0,dacan
172,0,corpo
56,0,drinking
9,0,omeko
1283,1,anus
1332,0,domina
10,0,anchorage
67,0,flamer
313,0,udf
1,0,frigide
120,1,stoker
1,0,tabernacle
25,0,blackwater
53,0,sixteen
119,0,hanahan
80,0,lucifer
1,0,canelones
32,0,meridian
50,0,pettis
214,0,tonga
2,0,heorin
1,0,pedofil
2,0,safada
7,1,safado
1872,0,cuba
223,0,stadt
10,0,lethbridge
139,0,cucu
11,0,cienfuegos
38,0,onycha
1049,0,grass
206,0,chacha
195,1,chacho
2524,1,brah
142,0,hotel
1,0,hajzl
1,0,fundillo
118,1,cuca
2133,1,murray
8,0,tweetz
28,0,tweets
32,0,latex
9,0,tolima
1,0,pedofilo
665,1,margaret
2,0,maryjayn
5,0,cretino
34,0,nagua
120,0,covington
281,0,aiken
735,0,barton
298,0,teta
357,0,grape
12,0,guelph
17,0,frijolero
213,0,mower
140,0,nude
2,0,nambla
54,0,neubau
51,0,ignora
118,0,injun
1,0,wrangell
1,0,vorort
411,0,randolph
94,1,staat
11147,0,ump
8,0,schlong
20,0,hialeah
6,0,abusive
1819,0,madison
6809,0,harris
13894,0,uni
1,0,orocovis
5422,0,uno
23,0,stabs
2,1,riobamba
1342,0,wagner
3,0,malboro
8,0,vidiot
1036,1,loca
418,1,stalk
1187,0,loch
9,0,warnes
2,0,piruja
392,0,bande
1,1,plátano
1,0,blojob
3924,0,brin
305,0,culo
96,0,enano
137,0,teze
4,0,pirula
157,0,banes
201,0,klab
133,0,schloss
1,0,daase
5,0,incest
94,0,porras
1,0,persereikä
141,0,cune
146,0,yuma
8168,0,usi
69,0,wogg
329,0,loge
389,0,mange
67,0,cunt
1,0,cartersville
76,0,p911
2,0,ni99er
1,0,tamaulipas
89,0,biatch
3,0,chippendale
215,0,chacon
2144,0,clayton
1682,0,ortiz
280,1,null
437,0,montgomery
15,0,bytch
4,0,khawal
200,1,loja
75,0,clanton
7,0,ubahn
1,0,antikrist
3,0,he!!
23,0,wogs
53,0,maryjane
243,0,bowie
3,0,redtube
3,0,nymfo
12,1,millbrook
12,0,jessus
10,0,gooley
3,0,zanesville
11,0,kusse
283,0,scab
3,0,fuque
504,0,nute
10,0,livonia
4243,0,ussel
2307,0,uzi
292,0,cuss
203,0,klit
920,0,iffy
77,0,nagen
15,0,camote
1442,1,seven
13,0,hueco
14,0,darkey
89,0,kenner
181,0,loob
4,0,cuun
6,0,hueca
45,0,murderer
10,0,spasser
9,0,goolie
2797,0,nuts
1018,0,scat
3,0,vajina
151,0,upite
14,0,clevelandsteamer
45,0,sucre
14,0,nummer
1,0,hejbat
60,0,marbles
39,0,inkei
2,0,masochist
319,0,nager
27,0,bennington
445,0,lote
1,0,choccolocco
87,0,peanuts
4,0,yopal
5,0,skritt
3400,0,vag
697,0,vaj
13,0,darkie
11,0,wadena
14,0,lingeri
12,0,pissi
128,0,banta
31,0,salamanca
1,0,pipote
26,0,pissa
32,0,providence
426,0,lort
34,0,pisse
1,0,オナル
1,0,tanguita
29,0,nymph
52,0,rutland
52,0,yesco
7,0,friedhof
1,0,knullare
333,0,bartlett
1,0,tommed
1,0,malambo
1514,0,indian
3,0,naranjito
15,0,scks
11,0,garcía
10,0,shoshi
10,0,avondale
83,0,dyck
227,0,tomar
51,0,riverside
1,1,hairowin
1,0,ahrane
4,0,shelbyville
3,0,loveguru
1278,0,pisto
1,0,porros
5,0,poddi
119,0,dyed
4,0,ridgeville
6,0,kutas
35,0,jism
24,0,dokie
85,0,ragland
50,0,tepic
38,0,jiss
9,0,knark
525,0,handy
31,0,pepino
989,0,pierre
15,0,mexicali
39,0,okama
420,0,banger
3117,0,shannon
169,0,dyes
369,0,minnesota
44,0,vjj
117,0,linares
1,0,cajeta
4,0,trabuco
1,0,pieness
2,0,kamloops
3,0,trasero
3,1,mammaries
163,0,naughty
1,0,dikhed
114,1,ledesma
10,0,rockville
8,0,poquoson
2,0,pinterest
135,0,mcmullen
53,0,stebbins
91,0,rumps
6,0,cueca
567,0,dyke
522,1,teste
9,0,jizm
758,0,jizz
461,0,samson
11,0,fairmont
1,0,susono
1,0,gomiya
19,0,scrw
1,0,sunwest
2,1,titless
26,0,shadh
7,0,drugged
160,0,hummer
1,0,anorexia
1212,0,shady
170,0,barrios
2,0,gazonga
1,0,jyhad
14,0,bollock
279,0,scum
2,0,pandero
17,0,kenosha
3,0,guache
1202,0,simmons
13,0,guacho
41,0,huevos
374,0,shaft
8,0,vagabundo
2,0,birosca
15,0,tetas
8,1,penthouse
2598,1,collins
9,0,charlestown
9,0,manyak
53,0,melville
7,0,gatao
3,0,cvnt
36,0,overdose
3,0,rabiat
311,0,shart
1,0,13itch
4,0,idiota
21480,0,420
2,0,vaffanculo
1,0,chuichu
7907,0,ester
3,0,boloss
165,0,boilermaker
2,0,phalis
332,0,naked
6,0,orgasim
162,0,linko
21,0,jokke
1,0,gulkana
7,0,trinta
1,0,puntang
96,0,vodka
24,0,vandiver
96,0,pencil
1300,0,shank
1,0,cerete
5,0,tjald
23,0,tjall
118,1,shoota
45,0,fairfield
2,0,jueputa
253,0,cordova
1,0,kanader
100,1,shoots
22,0,sarara
12,0,tryne
570,0,hammond
1,0,röv
15,0,grelo
71,0,samen
1,0,diantre
113,0,salcedo
2,0,vermouth
47,0,ducker
1,0,fukking
84,0,baren
1,0,røv
15,0,manchas
1105,0,florida
818,1,rabo
1,0,malparido
9,0,veinti
1,0,kleptoman
13,0,veinte
15,0,sarame
3,0,elkhart
1,0,autiste
212,0,enema
4,0,phallus
1,0,fodinha
11,0,bridgeport
2507,0,griffin
8631,0,race
16,0,nosse
653,0,greer
1,0,knulle
2196,0,wav
533,0,sambo
3,0,brbog
1,0,knulla
9,0,phalus
1,0,ебель
3,0,prostitute
1,0,orgasum
80,0,suicide
25,0,beotch
76,0,suger
4,1,lezzie
1554,1,gail
6,0,hytop
97,0,olivera
819,0,older
5,1,pissant
1602,0,wey
45,0,shabu
356,0,rumpe
5472,0,monkey
146,0,gaki
2612,0,rogers
10,0,hillsboro
12,0,psychedelic
1393,0,raja
21,0,blackfoot
5,0,orafis
5,0,campeche
2,1,shaytana
1281,0,sugar
7756,1,raid
17,0,hameer
13,0,erection
349,0,sdor
2,0,kindergarten
10,0,zacapa
87,0,drinks
56,0,viski
17,0,daego
5,0,cottonwood
4,0,couille
41,1,dweeb
300,0,mcleod
34,0,buckland
5,0,exciter
80,0,btch
291,1,barrow
2,0,hartselle
1410,0,ramp
1,1,eunuque
8,0,temecula
15,0,valdosta
1,0,sacaton
550,0,raps
263,0,virus
1172,0,pickle
1279,0,rape
238,1,prout
1,0,peipi
170,0,hamal
3354,0,willy
90,0,sicks
1,1,borrachuzo
51,0,juneau
83,0,sicko
1,0,кокс
13,0,kilometer
211,0,provo
1880,0,terra
25,0,commanders
420,0,wog
294,0,gasa
34,0,riffel
92,0,diller
22,0,pareja
9,0,salod
71,0,carvajal
152,0,hobson
2,0,elkmont
40,0,salop
2,0,salmari
37,0,salos
387,0,salot
3,0,wassap
86,1,venegas
13,0,raua
155,0,montero
562,0,jefferson
149,0,hoven
7,0,peito
237,0,barrie
2,0,pashpa
111,0,platte
231,0,barrio
10083,0,gato
142,1,nikolai
1090,0,rata
17,0,quickie
291,0,skimo
466,0,gata
1,0,yeule
2405,0,rass
103,0,geneva
1,1,jodanse
1,0,kanacke
479,0,wtf
2,0,nayger
1354,0,wth
11,0,cucuy
87,0,essex
3,0,oppai
48,0,lisman
1,0,cortachurro
4,0,peridot
1,0,selfharm
1518,0,jenkins
32,0,gayh
6,0,whitestone
20,0,brewton
2,0,polake
1,0,daleville
82,0,limey
4,0,northport
140,0,knep
387,0,trinity
23,0,sylvania
7,0,gulfport
1,0,beastial
715,0,www
1,0,priceville
3,0,hopkinton
160,0,orleans
25,0,skita
13,0,yucca
352,0,sead
5,0,wollas
19,0,mujer
73,1,kniv
24,0,andrada
414,0,andrade
1,0,lineville
1,0,chitina
2,0,fillern
2364,0,dillon
1,0,fisten
426,0,ukin
2170,0,heck
88,0,grundy
186,0,fister
24,1,donoso
243,1,leighton
65,0,naida
11,0,shagma
1,0,carcada
4149,0,mitchell
212,0,emale
3990,0,hebe
3,0,comadre
14,0,belino
364,0,knob
600,0,seed
1,0,duerme
7839,0,heel
1,1,rompipalle
14,0,bxtch
284,0,email
60,0,acount
10,0,dominatrix
402,0,heeb
13,0,molest
60,0,secs
113,0,joint
1,1,hinchapelotas
241,0,nebraska
2,0,piura
342,0,yahoo
703,0,sega
31,0,twerp
135,0,markham
33,0,groupie
7,0,nachas
1015,0,knox
624,0,sein
385,0,seis
15,0,seio
1597,1,heim
502,0,screw
829,1,hawaii
43,0,heii
6,0,grungy
34,0,deeper
1,0,sesenta
37,0,pereyra
19354,0,hell
42,0,seks
1,0,chingate
38,0,heks
1,0,perolo
17,0,beever
6,0,petersburg
17,0,bastidas
153,0,gasse
7,0,viril
143,0,depri
11,0,patagonia
1,0,clarksburg
117,1,tools
20,0,promp
2,0,wasilla
571,1,salle
2,0,apellido
1,1,sodomiser
1,0,lechada
4,0,saamari
2,0,tafeh
32,0,prono
44,0,bigot
10,0,located
15,0,sicco
16,1,brandywine
87,0,depot
388,0,salem
16,1,betancur
46,0,fremont
22,0,peine
270,0,laval
1,0,barquisimeto
1163,0,seno
2,0,hovny
15,0,flange
4,0,hovno
796,0,seng
17,0,eejit
109,0,buco
28,0,skide
1,0,abstinence
437,0,hamel
190,0,douche
258,0,sept
6,0,skidt
2805,0,smoke
1,0,kannabis
117,1,milwaukee
3,0,deppa
1,0,whiteriver
54,0,cuder
169,1,scrog
2,0,sexul
3,0,blighter
35,0,uacho
11,0,geisha
733,0,anthem
53,0,favela
1,0,olancho
29,0,uache
1,1,mocreia
4,0,mongoloid
625,0,muck
10,0,vierge
3640,0,hest
1238,0,sere
137,0,minger
95,0,bude
38,0,marana
370,0,buda
1855,0,arab
1,1,millerville
360,0,buga
51,0,billingsley
10,0,maidana
24,0,bufu
187,0,helena
1578,0,muff
6,0,pervers
10,0,pervert
12,0,buey
290,0,sete
19,0,cullman
156,0,wrap
4214,1,arce
6,0,kanake
10,0,tía
34,0,sexe
2,0,ketamin
4,0,buiu
90,0,conejo
281,0,kearney
34,0,taima
189,0,hewk
27,1,gaijin
1,0,mijao
40,0,mijar
69,1,cantwell
71,0,samsung
1,0,kriminel
3,0,rbvs
3,0,stronzo
5,0,kattai
1,0,consolador
48,0,valverde
768,0,redneck
1598,0,sexy
169,0,xtc
386,0,mobile
37,0,novia
365,0,taint
2029,1,argo
24,0,scottsdale
164,0,sexi
12,0,novio
50,0,sexu
443,0,sext
20,0,sexo
71,0,doper
227,0,channel
417,0,cutter
1,0,chubut
559,0,camel
649,0,koff
208,0,bums
1,1,mariconsito
720,0,bump
1,0,khaswe
12,0,portsmouth
2,0,maryjayne
710,0,mula
45,0,villalba
10200,0,ario
645,0,desha
209,0,munt
3,0,ivalee
431,0,bung
172,0,muna
49,1,loreto
655,0,xxt
8926,0,666
133,0,jader
3468,0,xxx
1,0,perkele
10135,0,arne
218,0,koke
15,0,hacking
217,0,laurens
2,0,nukkah
3,0,clarksville
1,0,cobblers
5,0,twirp
3,0,stitch's
526,0,musa
2815,0,bush
7,0,maraba
302,0,tiet
471,0,luther
9,0,belgrade
33,1,busu
166,0,twitt
3,0,murfreesboro
6,1,mrdat
10,0,twerking
28,0,maraca
1,0,tøs
1,0,farlopa
114,2,a.k.
38,0,koks
4,0,pechuga
2,0,condum
374,0,fulton
30,0,kooh
129,0,bater
1128,0,bates
20,0,gawal
273,0,kont
14,0,lesben
1,0,raclure
10165,1,tige
1,0,residencia
817,0,kone
161,0,buta
1,0,pakuru
4,0,skagway
12,0,fannen
5257,0,butt
1687,0,powell
7,0,headland
855,0,reside
12,0,dumass
15,1,krippe
1,0,waynesboro
2,0,gawab
2409,0,arse
12,0,tihs
17,0,yakima
1,0,sharmota
243,0,wiseman
192,0,kose
671,0,pelle
45,0,batar
208,0,pella
78,0,avenue
1,0,lofare
334,0,leche
377,0,batch
26,0,korh
27,0,lesbia
22,0,surrey
2,0,perreo
205,0,scotch
1,0,arousal
163,0,stearns
2,0,tabarnac
1,0,ruffiano
26,0,cidra
6,0,bltch
2,1,tabarnak
123,0,mrcha
131,0,cuddle
2,0,batei
624,0,chana
2,0,columbiana
4,0,irondale
8,0,paring
5,0,zacatecas
2,0,camuy
1,0,connard
404,0,carbon
15,0,slaves
1,0,pachacha
285,0,slope
1,0,еть
71,0,happa
1,0,webcam
4845,0,adams
655,0,engin
2,0,incesto
150,1,bellamy
33,0,beaches
180,0,chaka
365,0,yid
333,0,chubby
639,0,neyba
3164,0,torre
2,1,gespot
14,0,murrieta
250,0,freakin
648,1,vernon
11,0,tigard
60,0,slore
7,0,crampe
6,0,sipsey
19,0,foder
426,0,tits
4,0,calceto
13,0,pikers
15,0,voze
6,0,kives
6,1,ganzar
682,0,titi
530,0,tiss
131,0,tisp
1,1,caganeira
7,0,fegge
316,1,chaco
16,0,fisse
1,0,vorhaut
1,0,inceste
127,0,koze
161,1,condon
30,0,condom
306,0,adair
1,0,nicholasville
1,0,ritusi
698,0,asbo
1,0,boligee
160,0,hatton
446,0,hubbard
84,0,prairie
10,0,numpty
2,0,fodao
1,0,mrvenom
18,0,dooky
3674,1,barry
32,0,winona
1015,0,yob
29,0,shanky
97,0,killen
2,0,boluda
3804,0,killer
9,0,flogging
1,0,usojelly
34,0,firme
201,0,sweetie
1,0,cinglé
3,0,phallic
196,0,maras
148,0,popper
1,0,haleburg
1,0,juárez
18,0,abuser
4,0,cagata
25,0,tallahassee
1,0,ghazaleh
48,0,scranton
143,0,marde
1,0,poepen
2,0,clarington
5,0,karluk
192,0,playboy
71,0,scotland
787,0,waffle
52,0,medford
12,1,cachito
1706,0,santa
10,0,palmdale
8,0,vittu
14,0,monmou
472,0,calis
3,0,mojada
111,0,bloods
1,0,kulero
5665,1,maria
33,0,waverly
195,0,bloody
58,0,nueve
19,0,mojado
1,0,veitsi
114,0,blumpkin
147,0,killed
33,0,toque
149,0,muppet
139,0,winky
4,0,condim
18,0,sleaze
3,0,decchi
74,0,incubus
73,1,siete
3875,0,arian
65,0,dooch
3,0,alicante
5,0,kofar
161,1,marik
313,0,arica
1,0,ayacucho
5,0,pendre
297,1,granger
140,0,slinky
10,0,pelotas
1,1,manokotak
557,0,markt
7,0,urubu
4,0,ritalin
7,0,carazo
11,0,wausau
53,0,nalga
19,0,barer
319,0,derby
94,0,bollinger
96,0,maroc
65,0,coronel
1,0,poias
1,0,mulga
599,1,winston
1,1,aweonao
1,0,suizid
2,0,fantasme
741,1,kaiser
4,0,jodido
4,0,bludgeon
29,0,morphin
3,0,myspace
19,0,pelas
1,0,abusar
4,0,yotsu
63,1,steamboat
93,0,windham
8,0,codger
5,0,condam
1,0,blaere
2,0,smrad
2,0,minete
49,0,faan
1,0,gombeen
69,0,nakid
3,1,mississauga
7045,0,assi
2,0,jokou
12,1,painis
4714,0,assa
29,0,lebbe
4,0,maricopa
4,0,cagado
2,0,cagada
105,0,focke
21,0,escuela
52,0,nibar
5,0,dafuq
169,0,fack
1,0,carping
12,0,grayling
1,0,natrona
6,0,schweine
2,1,niobrara
12,0,spritzer
1,0,жоп
5075,0,face
5,0,titica
6,0,huila
1623,0,ramirez
5,0,duplex
31,0,faen
1782,0,zeb
17,0,granby
41,0,lagrange
25,0,lusche
93,0,luque
8,0,fagt
34,0,airhead
9,0,fahk
2,0,egegik
3,0,fahg
5,0,fahc
436,0,shave
15,0,macedonia
6,0,felcher
39,0,reggin
441,0,navarro
1,0,dreizehn
172,0,vitch
1930,0,sandy
77,0,decatur
4,0,burbon
253,1,kinsey
17,0,homewood
1,0,innavl
1361,0,zip
79,0,doosh
18,0,malvern
18,0,faig
107,0,needham
54,1,arisk
1,0,palomon
4,0,pootang
3,0,firro
23,0,tetta
81,0,nipples
1,0,perversion
1,1,nakadashi
1,0,tomming
1697,0,falo
1,0,painus
883,0,mendoza
1333,0,carroll
6,0,sanpi
70,0,haole
12,0,carajo
4,0,6ez
2,1,bouddha
234,0,excel
16,0,fakk
12,0,puzzy
495,1,fake
26,0,tubac
3,0,manuke
10,0,beefcurtain
104,0,enfer
1,0,número
69,0,harmed
1,1,cagare
4,0,jabse
87,0,twhat
4381,1,garcia
8,0,girardot
3,0,ramírez
2656,0,vincent
537,0,zob
72,0,teton
18,0,colored
390,1,lacker
100,0,greenfield
40,1,connecticut
261,0,mateus
38,0,mateur
8009,0,atch
4521,0,texas
280,0,raleigh
927,0,fart
500,0,benton
3,0,jabsen
366,0,harms
232,1,fark
472,1,sidney
61,0,colonia
1,0,gilete
1,0,faqs
258,0,bjorn
2,0,cachondo
3,0,habano
33,0,jamestown
7,0,hamaru
616,0,corona
84,0,fase
1,0,bingola
13,0,hittler
19,0,wanksta
103,0,faso
31,0,fatale
236,0,favi
5,0,opelika
156,0,fava
1,0,orgiene
183,0,yanki
350,0,beaner
234,1,maule
41,0,plymouth
1,0,saquê
84,0,hollins
14,0,pelado
28,1,concho
66,0,fawk
12,0,sageman
368,0,atka
53,0,concha
1,0,manroot
3,0,niggah
1303,0,clone
33,0,6t9
531,0,college
1414,0,shag
1,0,bombaclot
1,0,filiale
3,0,coaling
33,0,dumbass
76,0,inran
16,0,asoko
37,1,dorky
8759,0,kelly
71,0,burnout
19,0,redland
82,0,polac
1,0,vodika
2,0,canandaigua
1049,0,shat
2,0,chichita
272,0,unko
659,0,hoover
9,0,clodo
3,0,keokuk
16,0,pregnant
2,0,scumber
61,0,bordel
5,0,konnar
6,0,leesville
5,0,slikke
3993,1,arley
3,0,baleia
15,0,ginzo
1,0,gozlan
34,0,fifteen
625,0,blunt
51,0,polen
945,0,malcolm
1,0,ríos
392,0,shet
1,0,calcinha
43,0,shex
29,0,atmore
1,0,niggur
2954,0,reet
1,0,longueuil
5,0,bettles
7017,0,reed
345,0,aspen
64,0,weener
1544,0,geek
1,0,aureole
2,0,penls
7,0,alkoholi
83,0,bimbo
1,0,limón
1,0,goldville
2,0,monroeville
6,0,shl7
5,0,peener
1,0,menstrual
59,0,penis
1,0,fitten
2438,0,hayden
61,0,armee
1184,0,shiz
1172,0,shit
70,0,paterson
1064,1,shiv
119,0,fitter
187,0,gejo
23,0,primrose
64,0,leiche
4,0,viacha
24,0,shlt
3,0,jayuya
1,0,miembro
63,0,geil
1,0,pitaya
7,0,feita
5020,0,parker
433,1,whiskey
35,0,spastic
5,0,stricher
121,0,penna
1,0,usuário
7,0,ducon
11,1,masaya
763,0,cracker
4,0,bilwi
44,0,totty
5,0,gerona
13,0,fetish
56,0,lexington
759,0,gena
66,0,nockers
1315,0,violet
5,0,penus
148,0,fitzpatrick
3,1,narkiss
1043,0,cherry
13,1,cuite
102,0,epost
2,0,brizna
3577,0,harry
1,0,pentelho
157,0,lollipop
3,0,buraku
9,0,voyeur
10,0,sikari
5,0,violar
620,1,elche
44,0,sheit
20,1,staunton
186,0,insider
14,0,addres
9,0,crotte
5,0,addictive
1,0,xunga
11,0,minden
21,0,sheca
10,0,brossard
106,0,weenie
8,0,housewife
2446,0,marshall
47,0,addiction
202,0,shty
4,0,jodeme
59,0,enima
1,0,fodaso
434,0,lube
1,0,parchar
171,0,duche
485,0,sheet
834,0,reto
2,0,wechat
35,0,nectar
1,0,puppen
7,0,farragut
161,0,puppet
96,0,gesu
1,0,indavl
3,1,bucaramanga
347,0,luda
13,0,pupper
22,0,antioch
528,0,hollis
13,0,grifa
491,1,lugo
173,1,shyt
24,0,testicle
5,0,weenus
700,1,mater
5,0,mocoso
164,0,mates
41,0,maten
433,0,reus
1,0,cabreo
140,0,tequila
1,0,pilila
5,0,coitus
2,0,cogollo
5,0,badonkadonk
1,1,cataño
6,0,srali
8,0,maryville
77,0,krek
549,0,echar
456,0,nance
4,0,kobito
64,0,megger
39,0,rezu
212,0,jodo
301,1,jode
4,0,wussy
1082,0,sierra
2342,1,luna
697,0,molina
31,0,jonko
2095,1,nancy
6,0,binghamton
3,0,marijana
1,0,serout
32,0,ginch
5,0,rubbing
1137,0,blacks
94,0,reata
4,0,spaceme
6,1,meggas
8239,0,hick
2,0,noatak
1,0,spacemy
4,0,rodríguez
1,0,morfine
19,0,pendu
163,0,sial
237,0,siam
30,0,penas
251,0,sida
3,0,twitta
87,0,platz
3,1,escoria
55,0,wuss
61,0,thebutt
57,0,itaka
4981,1,high
243,0,langley
1,0,passwerd
10,1,canuto
28,0,sify
4,0,nancies
2,0,penii
44,0,bunda
4,1,rodada
35,0,keizer
2,0,gauner
1,0,nankon
28,1,bismarck
258,0,leeds
2,0,dokata
808,0,wilkin
7,0,consolo
10,1,siht
962,1,benson
40,0,pener
3,0,3osh
34,1,jood
4,0,subnormal
3,0,testical
26,0,stripper
1,0,hütte
19,0,chonga
7,0,jarabe
48,0,sikh
581,0,upper
59,0,heineken
28,0,pulaski
16,0,lechero
46,0,breva
47,0,vienna
2,0,callboy
28,0,nugga
1,0,clochard
5,0,dverg
55,0,chongo
109,1,hijo
10,0,palooka
7,1,pinckard
360,1,jota
4,1,pinedale
558,0,simi
45,0,fourty
224,0,stoned
407,1,himo
7414,1,wayne
5,0,cabrona
6,0,evansville
6,0,crapped
2,0,bilau
31,0,chones
4,0,flaite
547,0,stoner
352,0,stones
1,0,llamame
17,0,kryb
3,0,sumata
458,0,thornton
26,0,cognac
329,0,kryp
2,0,conase
45,0,conard
22,0,nampa
92,0,joto
1,0,fannies
925,0,donkey
11,0,bakala
7,0,asocial
3,0,pimmel
102,0,heredia
6,0,newville
157,0,guadalupe
1,1,bludgeons
2,0,afogar
9,1,feltch
1,0,jøde
6,0,meriden
31,0,oakman
1,0,jackgrass
40,0,ariola
7,0,brownsburg
59,0,tosse
76,0,cocain
21,0,quicky
1,0,lutak
26,0,carefree
1,0,panocha
137,0,pelican
8,0,wenatchee
1,0,puñeta
74,0,dubie
3,0,palmira
1,0,pizda
202,0,fitte
3,0,talkeetna
141,1,matan
4,0,mamador
115,0,ksas
1,0,pizdu
5,0,tabaco
604,1,canuck
104,0,matar
9,0,bloomington
75,0,matas
1,0,buça
47,0,cameltoe
1,0,saanich
1,1,allumer
1,0,bewitches
22,0,doque
72,0,hartford
25,0,oswego
10,0,fitta
2,0,pygme
10,0,grappe
5,1,iquitos
1,0,corneta
2,0,beltrán
185,0,satan
8,0,wodka
1,0,penise
1,0,medellín
3,1,discotek
14,0,roofie
57,0,kengo
1,0,arjalainen
33,0,mandeville
48,0,kenga
422,0,padre
12,0,boylover
302,1,bouche
45,0,jpeg
1,0,cammello
1,1,violeur
53,0,hundert
2,0,inserts
228,0,minge
14,1,abuela
3,0,doping
38,0,scrotum
57,0,cozza
39,0,abuelo
1,1,sneiper
115,0,minga
4,0,grotty
1,0,guanajuato
465,0,ponce
125,0,kenke
44,0,calera
8,0,traficante
1,0,baiser
1,0,pileman
11,0,puerco
138,0,windsor
1,1,puerca
2378,0,avon
1,0,gravida
2,0,brochar
257,0,avra
15,0,litse
63,0,lorain
23,0,yakuza
1,0,bourrin
22,0,langue
22,0,demonio
2,0,vincennes
35,1,doofus
1,0,pannies
389,0,gangsta
4,0,dewsh
67,1,checa
1,0,retweet
2,0,shmegma
4,0,satme
262,0,capital
533,0,minor
98,0,minot
48,0,wadley
47,0,nukka
17,0,sargento
176,0,ojeda
68,0,plebe
108,0,folsom
1,0,helsike
35,0,kokot
1,0,pedernales
436,0,arizona
2,1,defecation
12,0,shmuck
1,0,ohatchee
12,0,pamplona
1,0,dedada
6,0,mamona
49,0,paal
3,0,vázquez
17,0,pimpen
16,0,nalgas
1,0,chisago
7,0,pommy
1350,0,paco
27,0,meada
15,0,pommi
177,0,hidalgo
2,0,peppu
18,1,morelos
84,0,zaragoza
175,0,thirty
199,0,toronto
172,0,killing
111,0,fixer
2,0,hairone
6,0,fhuck
57,0,tabasco
97,0,politi
1,1,itaipava
1,0,хули
11,0,alehouse
1,1,pezones
6,0,pomps
1,0,tuscumbia
238,0,tysha
143,0,pompe
1,0,spacken
2,0,hulder
1,0,bzaz
1195,0,pepper
61,0,schwein
8,1,vitória
81,0,pinson
13,0,nigor
6,0,imvu
157,0,vallejo
341,0,paja
42,0,peepee
74,0,pompa
92,0,harvest
57,0,chippewa
765,0,center
17,0,morelia
31,0,bioch
98,0,baileys
37,0,nigre
1176,0,palo
766,0,tampa
100,0,winfield
30,1,nigra
1,0,jumblies
1,0,montevideo
2,0,facist
40,0,twitter
7,0,ahrat
604,0,pali
9,0,sjuf
227,0,pako
1,0,oleiros
1,0,rogering
1,0,patruuna
6,0,slocomb
293,0,louisville
1,0,kizla
144,0,enterprise
12,0,brundidge
47,0,mignon
3,0,pelón
2,0,fdps
33,0,kenai
412,0,dominator
99,0,nigro
83,0,hickory
39,0,terrone
101,0,husband
85,0,cordes
16,0,nigur
19,0,affair
1878,0,papi
3,0,niguh
3,0,orrville
7,1,bayamo
27,0,mangina
45,0,banane
1,0,bagarat
318,0,chela
22,0,banano
1600,1,chele
49,0,pistola
32,1,jemison
14,0,grinding
61,0,fillmore
150,0,otaku
27,0,barahona
13421,0,park
113,0,chemo
3,1,binyu
12,0,diaba
75,0,fullerton
2034,0,crack
6,0,papá
737,0,salazar
52,0,zorra
339,0,capri
176,0,pase
31,0,amoureux
15,0,kinnel
11,0,montezuma
3,0,rathaus
84,0,mimar
102,0,diabo
8,0,montesdeoca
95,1,dingus
240,0,enjen
1,0,hufter
5,0,southaven
111,0,blackie
32,0,pawt
7,0,kokain
2,0,nalgui
25,0,hampshire
172,0,sked
4,1,vtnc
2,0,provincia
119,0,whore
3,1,marín
19,0,ciggy
1677,0,chandler
56,1,psyko
18,0,ritzen
1,1,sulligent
3,1,matanzas
10,0,ecstasy
121,0,ghay
1,0,prawno
31,0,ghae
11,0,joppa
655,0,grayson
2291,0,beach
7,0,jaggu
1155,0,rodger
28,0,nigar
182,0,segura
1,0,huntertown
222,1,cigar
1,0,нигер
1,0,snifer
124,0,mcneal
12,1,brinca
75,0,lafayette
1,0,bairro
5291,0,jesus
22,0,montrose
1922,0,skid
80,0,feck
6,0,pomba
1,0,millport
410,0,twenty
1,0,ranburne
233,0,ghey
627,0,addict
81,0,sweety
60,0,anaal
40,0,ripar
2,0,rincón
138,0,niger
1,0,burundanga
3,0,coyos
71,0,hasch
1,0,báez
1033,0,howell
2,0,vagina
6,0,vagine
1,0,druggy
5,0,directions
1128,0,skit
31,0,saginaw
2,0,wachiturro
4,0,ovaries
6,0,niggr
2,0,fehg
165,0,nigga
1,0,otavalo
1,0,cojonudo
1,0,alburquerque
7,0,bukake
78,1,isabela
2,0,faribault
18,0,kojon
1,0,dyersburg
458,0,skol
3,0,glandu
120,1,feit
1,0,chikusho
1,0,pixoca
1,0,logansport
2880,0,stick
4,0,cachimbo
19,0,knotte
6,0,drowns
19,0,ferreyra
4,1,knibbe
13,0,villavicencio
55,0,glande
126,0,feig
4,0,penice
4,0,guayas
21,0,saddam
4,0,hembra
36,0,dillingham
18,0,nihilist
51,0,vitoria
28,0,oshkosh
3,0,lambada
1012,0,smurf
119,0,ghog
3611,0,evans
44,0,wigger
5,0,mammari
545,0,tigger
21,0,texto
25,0,stify
35,0,ubich
1,1,neuken
61,0,whisky
136,0,portillo
320,0,california
60,0,anaru
6,0,matase
12,0,sánchez
5,0,humse
335,0,crank
151,0,sucker
54,0,talca
1,0,beck's
10,0,buckra
2,0,budwiser
225,0,femi
79,1,internet
26,0,tnuc
173,0,piller
88,0,poloc
3,0,coktail
15,0,whoar
557,0,polla
304,0,southside
7,0,spearchucker
20,0,honkie
726,0,beats
1,0,kichigai
88,0,olivares
4,0,ecstacy
38,0,enjun
100,0,sarma
107,0,craps
1,1,oscarville
579,0,fera
9,0,longmont
7,0,ashaway
84,0,axes
2,0,penile
1,0,verkrachter
489,0,dudle
2,0,maytown
624,0,insta
3,0,nifoc
152,0,packi
2,0,chocote
1,1,kubikiri
1,0,ilotalo
15,0,rampart
2,0,movico
1,0,diabos
1,0,hinnou
49,0,feto
206,0,skyp
1,0,pontotoc
97,0,swallow
5,0,blacksburg
700,2,monroe
19,0,caldas
3555,1,alexander
37,0,honker
14,0,matare
32,1,matara
65,0,honkey
19,0,hijin
281,0,axis
3,0,humacao
156,0,urca
11,0,polvo
5,0,harrisville
599,0,oliva
1,0,roulettes
8,0,fascist
18,0,suckle
349,0,skool
14,0,keaster
2,0,feuj
1,0,krunck
5,0,crixto
2,0,vinueza
571,0,anale
1,0,luverne
5,0,carrollton
576,0,ayala
1,0,calderón
63,1,packy
1,0,chimborazo
8461,1,craig
313,0,anali
3,0,kaffer
1,0,golovin
340,0,valencia
83,0,sleezy
646,0,diablo
24,1,veneno
28,0,sleeze
7,0,maudit
143,0,elgin
78,0,gspot
436,0,slag
324,0,espinoza
181,0,kuja
219,0,barcelona
2,0,tailler
7,0,aborto
171,0,google
12,0,merder
15,0,plainfield
1,0,rasterbator
7111,0,logan
79,1,judas
75,0,wanker
23,0,capote
79,0,shlong
1257,0,slap
6,0,supai
2,0,dicktation
2006,0,silva
41,1,honolulu
490,0,qwerty
521,0,amado
2,0,mataba
264,1,kund
537,0,badass
36,0,busty
22,0,diablito
27,0,shite
10,0,himey
1026,0,urin
3,0,perverse
5,0,boaco
39,0,lanett
53,0,vache
1088,1,toin
30,0,gramse
7,0,himem
2063,1,dakota
50,0,biotch
16,0,juden
224,1,slem
259,0,slet
56,0,eagar
64,0,taper
1,0,sonsonate
1,0,locão
206,0,kusa
1445,0,kush
109,1,kuse
907,0,toli
6,0,weanie
63,0,chocho
21,0,beener
7,1,pootis
1504,0,toke
30,0,whitie
2,1,narkoman
8,1,talara
432,0,carver
2,0,sodoma
9,1,osorno
177,1,dutton
1,0,allupato
2,0,viciado
9,0,sodomi
72,0,login
1,0,лох
33,0,viagra
7,0,sodomy
121,0,urpo
353,1,tapia
1,0,hanceville
2642,0,ione
14,0,visalia
56,1,mussa
26,0,chocha
328,0,slit
113,0,kusi
873,0,slip
191,0,fontaine
8,0,chapero
3,0,middlesex
481,0,topi
6,1,klimax
8,1,gestapo
69,0,pwnage
583,1,whitey
497,0,topa
6,0,s***
1,0,harrisonburg
2,0,chinandega
1473,0,tool
1,0,decapitation
1,0,teresina
301,0,regal
40,0,georgetown
40,0,hilled
11,0,herberge
28,0,chirri
16,0,bedat
130,0,egypt
1309,0,buffalo
31,0,cannabis
34,0,whitby
65,0,prelude
92,0,gilf
96,1,stoddard
17,0,philes
111,1,hotmail
4,0,itasca
198,0,tots
14,0,slusk
87,0,saute
243,0,tosk
171,0,danar
922,1,gini
1,0,pylly
277,0,gimp
223,0,danbe
3,0,beyatch
2984,0,flash
991,0,iowa
2,0,sluty
3,0,chinque
30,0,flaps
2,0,bichoca
174,0,gips
225,0,perra
4851,0,ecke
3,0,hotmale
338,0,ghetto
39,0,arouse
6,0,harrisburg
5,0,kittson
273,0,perse
458,0,healy
25,0,philia
53,0,mayar
57,0,cabeza
181,0,rk62
228,0,slum
1364,0,.com
131,0,arlington
143,0,gism
2,1,totó
260,0,slut
26,1,guatemala
16,1,belleville
2,0,czarnuch
96,0,leiva
13,0,poove
18,0,altoona
2,0,schlampe
16,0,stamford
115,0,godoy
34,0,swinging
13,0,mecos
22,0,pervo
7,0,floozy
305,0,gits
47,0,midland
80,0,perve
135,0,catin
24,0,shiet
4,0,poosy
13,0,lycos
1729,0,flame
114,0,catho
24,0,borrero
94,0,slurp
825,0,mayer
7,0,bakersfield
90,1,papito
19,0,hatred
125,0,rk95
3,0,papist
23,0,bostero
42,0,pcoc
580,0,flake
1597,0,butch
52,0,bastard
1,0,dothead
2,0,billede
1,0,genetal
60,0,quiroga
158,1,strawberry
11,0,sambuca
1,0,googel
458,0,ariano
1,0,hijoeputa
8,0,kinston
1812,0,zalez
481,0,rize
421,1,gizm
3176,0,amant
1242,0,hmar
280,1,flack
297,0,shima
4,0,gondel
138,0,vacca
1,0,shloke
155,0,dozier
245,0,shina
104,0,sibley
31,0,undies
85,0,harming
2052,0,shine
425,1,mercer
473,1,usel
2,0,sogamoso
77,0,flippin
461,0,sandoval
1931,0,lyon
305,0,orozco
46,1,boobies
9,0,formosa
7,0,culon
1,1,cabaço
1119,0,patter
2,0,maracas
91,0,gurley
9723,0,lynn
10,0,douze
18,0,olathe
3,0,bichote
6,0,toxey
264,0,smeg
26,1,jalisco
1,0,socmel
1,0,bordello
789,0,herrera
5,0,bluefield
1,0,knarker
21,0,portage
7,0,caguas
1,0,mamella
2,0,poonani
12,0,pattar
21,0,lofas
427,0,usle
6,0,valladolid
3,0,alcoholico
30,0,fourteen
231,0,knife
93,0,smex
900,1,vargas
1,1,pedófilo
3132,0,perez
2,0,alcoholica
6,0,amphetamine
29,0,narko
199,0,venti
3,0,skyder
192,1,perle
6,0,artard
587,0,conway
2,0,schinder
61,0,loffa
6,0,pérez
15,0,niglet
1,0,peravia
1265,0,edad
6,0,absinth
210,0,langston
11,0,poofs
48,0,jaina
136,0,camera
4,0,claymont
528,0,burro
1,0,bezirk
11,0,virginity
58,0,burra
26,0,poofy
1,0,poonany
48,0,felch
432,0,domination
6,0,aeids
78,0,brighton
25,0,sluge
628,1,ussy
4,0,taringa
131,0,columbus
2,0,yabucoa
126,0,seward
3,0,voadora
2,0,[gm]
8,0,cruzar
57,0,montenegro
1328,0,burne
1329,0,phoenix
91,0,vermont
695,0,edmond
1739,0,duncan
2949,0,azar
826,0,dago
3,0,luling
938,0,lamber
11,0,treize
17,0,pachuco
21,0,edmonton
10,0,balzak
618,0,carlton
1038,0,clemson
173,0,twelve
2,0,nikiski
1,0,política
743,1,madrid
6,0,prazer
220,0,minus
1,0,cornear
3,0,rexburg
4,0,ponchar
9,1,mohave
1,0,paedo
33,1,satsu
157,0,smut
20,1,madriz
128,0,pecker
10,0,pachuca
4,0,anniston
11,1,concordia
2,0,aleneva
12,0,calato
201,0,minto
1107,0,regina
63,0,taney
481,0,dover
2,0,pikken
45,0,demente
226,0,69er
4845,0,nelson
143,0,tanga
1,0,longaniza
46,0,region
92,0,venas
1,0,tarragona
10,0,decant
1,0,alcoholism
13,0,tishar
531,1,pittsburgh
145,1,ripley
29,0,dufus
1,0,vredenburgh
1004,0,damn
2,0,poudre
1,0,ikasama
1,0,cacalan
14,0,location
4216,0,dama
1,0,vivienda
1,0,montevallo
57,0,sauter
455,0,ambler
14,0,deadwood
4,0,huacho
3,0,muscatine
1503,1,zane
798,0,utah
130,0,stoffer
134,0,aguilera
14,0,huacha
1,0,huora
2,0,bobita
1,0,ñanga
2506,0,dalton
10,0,bobito
2,0,ávila
5162,0,dart
2,0,neunzig
61,0,assed
30,0,inglewood
22,0,storrs
12,0,ojete
832,0,ramsey
1028,0,dass
13,0,embassy
44,0,youtube
1,0,mörder
318,0,brito
606,0,dicks
1,0,ringraider
470,1,salinas
1,0,mamaguevo
14,0,nogales
34,0,bellevue
1,0,patacca
19,0,koolie
40,0,spooge
155,0,adolph
4,1,accout
42,0,wabash
1,0,crawfordsville
2,0,avenida
20,0,pcock
3,0,weirton
30,1,hopewell
123,1,shiloh
58,0,kools
6,0,hurpa
31,0,sperma
9,0,doobee
9,0,hurpe
435,0,alvarado
7,1,vajayjay
69,0,huron
22,0,schwanz
37,0,kafer
18,0,mayfair
56,0,beckley
3,1,sperme
297,0,daym
421,0,snik
1,0,sleike
241,0,snif
1,1,deviantart
43,0,porks
74,0,azua
66,0,boche
21606,1,andrew
1,0,arepera
6,0,ouachita
3,0,coldfoot
515,0,chile
208,0,chink
1,0,pregas
6,0,chinq
5,0,gabacho
2,0,schenectady
50,0,groin
16,0,beetch
241,0,chinc
109,0,penner
1042,0,azzi
17,0,porno
228,0,verga
13,0,beffe
4,0,saraland
313,0,theodore
30,0,sedona
1,0,topawa
3,0,platanos
5,0,hierba
1,0,petador
1,0,cabreada
80,1,snog
5,0,yauco
40,0,yonkers
1,0,kidzilla
120,0,pees
9,0,danbury
21,0,a**
1,0,esclave
189,0,zbar
17,0,compadre
891,0,foley
130,1,peen
162,0,verge
373,0,contreras
123,0,zbab
375,1,pedo
8,0,sbcglobal
8,1,somoto
2,0,undoes
8,0,birus
1,0,forkland
348,0,mocha
48,0,somerville
21,0,porro
2,0,sucette
65,0,porre
3,0,cokehead
58,0,goofball
130,0,porra
2579,0,chica
37,0,heroin
2,0,a*s
3,0,wixer
65,0,girlfriend
1119,0,chico
605,0,snot
444,0,durham
158,0,boulder
25,0,carlsbad
397,0,crowley
7,0,despise
178,0,benner
211,0,doobie
1,0,befde
91,0,heflin
3,0,pompis
191,0,chien
3,0,rionegro
81,0,bustamante
385,0,chier
3,0,befen
6,0,kotzen
72,0,mocho
1,0,caresser
21,0,pubes
677,0,snut
469,0,mobil
117,0,password
1,0,putain
5,0,thomaston
47,0,hnus
316,0,liberty
10,0,dunklin
209,0,amante
4,0,newhalen
29,0,safford
422,0,pene
1160,0,pena
38,0,ritsa
43,0,trillion
18,0,bisou
63,0,manhattan
18,0,englewood
25,0,mcnary
75,1,courtland
3,0,pubis
2,0,barinas
55,1,nunya
144,0,pepa
1354,0,pepe
11,0,babbie
71,0,quatro
2954,0,bryant
2260,0,hayes
73,0,cuatro
6,0,pubic
69,0,sinke
4,0,omanko
47,0,sinko
1,0,nikolaevsk
2,0,sobrina
62,0,anaheim
528,0,peru
390,0,perv
12,0,sobrino
977,0,newton
2,0,manizales
4,0,hattiesburg
278,0,hooker
2,0,ksakes
1732,0,theba
18,0,bunghole
1,0,cacone
1,0,orgasm
45,0,pelham
1,0,itiot
34,0,hammered
126,0,arsel
473,0,peta
2,0,porrada
8,0,allentown
827,0,jude
65,0,jugs
172,1,hoar
12,0,goodhue
1,0,cacoso
1,0,greeneville
15,0,oinker
12,0,liberia
1185,1,miranda
1,0,picarte
41,0,chizo
3,0,catorce
148,1,ritze
1,0,svaber
25,0,freier
1,0,juif
17,0,arsat
1683,0,tres
277,0,sobo
7911,0,hock
22,0,porco
692,0,hobo
1,0,wekha
117,0,soak
15,0,pewb
1694,0,chito
184,0,hoer
17,0,facho
3270,0,howard
252,0,arsch
223,1,eskimo
183,0,sodo
9,0,bonbons
5,0,limones
1,0,bulinar
215,0,bisch
1146,0,sock
489,0,soco
87,0,chivo
1,1,huelva
4,0,stabbing
186,0,tramp
4,0,cunts
4,0,pahrump
4877,0,trip
6,0,liquide
8,1,dooche
2490,0,warren
1,0,reeltown
29,0,pomona
12,0,intoxicate
632,1,trans
397,0,fick
2,0,msngr
418,0,fica
65,0,lipscomb
17,0,alabaster
425,0,ballplay
11894,1,peter
4,0,cunty
284,0,maldonado
840,0,katherine
130,1,niker
5,0,vadka
5,0,rubbed
36,0,moscow
8,0,georgiana
11,0,nignog
22,0,underwear
649,0,creep
19,0,pfad
21,0,cunny
1,0,shadhen
5,0,tacote
1,0,alagoas
3,0,bollox
1,0,kirves
1,0,lopette
2716,0,trou
373,0,tennessee
115,0,konne
399,0,homo
7139,1,troy
946,0,spank
2464,0,raymond
109,0,hiney
106,0,moulton
128,0,figa
39,0,fluffer
1,1,nordsee
52,0,catso
222,0,hoor
32,0,marrone
55,0,lupton
196,1,python
10,0,babaca
410,0,mcgrath
138,0,dragoon
2309,0,butte
455,0,irra
1365,1,cream
79,0,hindu
90,0,hindi
7,1,butsu
15,0,oakville
1138,0,romero
1163,0,hora
1299,0,hore
31,1,biloxi
406,0,buchanan
13,0,dieci
12986,0,austin
40,0,creem
120,0,nikka
7,0,pollas
724,0,acosta
262,0,bander
1,0,guardone
1,0,hijueputa
603,0,caldwell
9,0,chiappa
65,0,fika
12,0,calice
6,0,fims
360,0,shizzle
111,1,soss
92,0,spast
5441,0,heath
65,0,konto
2100,1,fing
74,0,delaware
207,0,tacoma
1369,0,sosa
49,0,navarrete
502,0,film
1741,0,trut
31,0,uranus
441,0,horo
4969,0,hort
2,0,mishawaka
1,0,chalatenango
1,0,manresa
273,0,fion
2,0,elsmere
1286,1,soto
2339,0,ocho
2390,0,badger
1323,0,fink
3,0,trepar
329,0,beech
25,0,piscio
1,0,rasist
23,0,pulling
17,0,ignorant
4,0,numse
3,1,sticking
373,0,richmond
801,0,everett
2,0,albertville
180,0,eldridge
1,0,glennallen
1003,0,jewel
143,0,chibi
6,0,kusser
1010,1,fist
1,0,kussen
1,0,pikenes
70,0,sturgis
1,0,etterbak
153,0,hoyo
13,0,chesapeake
2,1,mamahuevo
4,0,vermine
4,0,fiut
5,0,stricha
39,0,tapin
8,0,пан
2003,0,five
2,0,maldita
7,0,brandiwine
2,0,bazooms
31,1,maldito
1,0,puling
31,0,fixa
169,0,tsat
60,0,osage
201,0,rodeo
4,0,comisario
880,0,beezy
1,0,soldotna
3,1,bestial
212,0,osama
1,0,albures
58,0,hardon
34,0,rubbin
15,0,mamita
8,0,acosar
18,0,miramar
1,0,fernández
398,0,birch
2555,0,natal
17,0,caledon
77,0,lansing
2,0,venire
82,0,baster
1,0,decanter
21,1,fairview
3,0,dormir
161,0,kyll
22,0,vadia
1,0,dokyun
3,0,mataran
579,0,spaz
3,0,arabush
83,0,kyke
2,0,saltillo
648,0,aguilar
369,0,spack
587,0,abigail
1,0,vadca
8,0,seads
2,0,mataras
1,0,puant
8,0,zamel
16,0,zamen
594,0,spade
160,0,oatman
36,0,terrorist
105,0,petal
36,0,mescal
16,0,norwich
10,0,matares
1,0,mataren
7,0,jotos
44,0,spew
46,0,chancha
1457,0,spic
564,0,dayton
1145,0,tater
1,0,hoonah
1494,0,spik
10,0,gmfb
44,1,chancho
435,0,alaska
3,0,orifice
8,1,sacana
1,0,barreau
37,0,ketsu
79,0,trente
1,0,morenci
2,0,mamilo
6,0,brookings
2,0,bochecha
5,0,hutsu
21,0,splooge
3,0,nansen
31576,1,abe
18354,0,abo
4,0,batesville
16,1,riverview
31,0,warsaw
14891,0,adr
640,0,washington
37,0,greaser
36,0,toluca
1,0,giccho
25781,0,age
1,0,sincelejo
479,0,caca
674,0,eggs
9800,0,aho
1,0,kizler
10,0,tungo
3077,0,ahs
4354,0,buckeye
3,0,froggin
6,0,guffer
2,0,bebida
7089,1,aim
1,0,nunavut
1,0,nidding
399,0,cabrera
3,1,youngtown
1,0,arivaca
723,1,naca
7205,0,ajo
179,1,cack
2,0,gomorra
911,0,naco
1021,0,nabo
1,0,henagar
3,0,itsari
71,0,wench
39,0,labia
132,0,mississippi
35,0,graine
118,0,naff
1,0,néné
4,0,qweer
84,0,reefer
11,1,viceroy
1,0,qweef
1,0,saisse
179,0,caga
103288,1,ale
822,0,dukes
15597,0,alk
1,0,crevard
10,0,handjob
241,0,bitte
2636,0,amf
18,0,cidade
27757,0,amp
4,0,lokum
1,0,hackberry
55249,1,ana
6,0,bittt
35,1,potta
16,0,fondl
70,0,freaking
33122,0,ano
5,0,hurper
2127,0,cago
4,0,cuting
30,0,gigolo
22,1,martín
2155,0,aol
11,0,broomfield
335,0,haines
20,0,crica
15,0,cleavage
17,0,alá
10341,0,ape
3,0,trolar
2,1,rosuke
3,1,libertyville
1,0,gansya
203,0,kodiak
1,0,bæsj
545,0,hampton
51,0,lolita
422,0,yaho
22,0,munter
3,0,elberta
32,0,basterd
167,0,yaku
1,0,dailymotion
1,0,lempira
6713,1,came
3,0,ridgeland
1,0,landhaus
35208,0,ars
6,1,sarnia
47,0,darky
29,0,nakt
6542,0,wilson
5198,0,cali
14112,0,asi
61420,1,ash
4247,0,asl
1,0,sharmot
35638,0,ass
44,1,sonora
8,0,alkohol
159,0,aniak
1,0,bisnatch
542,1,cams
40,0,negger
1,0,boboca
120,0,peterman
4,0,martinsville
1,0,curitiba
57139,0,ave
6,0,camé
13,0,fleto
6,0,sploosh
35,0,winkelman
755,0,napa
3,0,beibi
161,0,pennington
65,1,naon
243,0,livingston
2,0,spartanburg
57,0,seder
3,0,fixxer
458,0,narr
1659,0,casa
1254,0,cary
3211,0,axe
30,0,looser
5153,0,cass
69,0,broca
8,0,díaz
412,1,sticks
10,1,chiapas
3,1,senjin
335,0,sticky
281,0,figueroa
186,0,flesh
44,0,aneros
1,0,trdlo
83,0,assault
3,1,partes
11,0,vagoo
8632,0,azi
5,0,opelousas
12453,0,azz
16,0,vagna
844,0,nasi
10,0,kahbe
3,0,gericht
12,0,choking
3,0,mrnda
25,0,cawk
1048,0,naut
1314,0,cave
110,0,package
59,0,profil
1,0,insest
26,0,suicidal
1,0,ocotal
1,0,danshou
72,0,janki
9,0,madrazo
175,0,kingman
59,0,insert
8,0,pisgah
53,0,quimby
4,0,creola
20,0,vagin
3,0,ortito
14,0,bocchino
4,0,depression
152,0,albur
1,0,mehbal
3,0,secte
579,0,christen
1986,0,bae
3,0,budwizer
202,0,nazi
46940,0,bar
1968,0,baz
8,0,drowned
15,0,hussy
8,0,avellaneda
297,0,alamo
1,0,mescaline
11,0,loxley
46,0,etage
4,0,gogge
19,0,poppers
2241,0,bch
6,0,amphetamin
6,0,camiri
2800,1,dead
16,0,boudin
1,0,dikhead
10,0,fuking
88,0,poser
148,0,xfire
818,0,richardson
1737,0,barnes
8,0,slyna
8,0,northway
3711,0,bed
3,0,manzanillo
1825,0,deck
2311,0,bek
2,0,humala
55,0,zebb
1193,0,bez
1,0,avskum
25,0,asheville
1,1,contraception
20,0,dubuque
362,0,debu
85,0,fader
93,0,megge
2,0,putasa
84,0,megga
18,0,seaford
2,0,plonker
352,0,deek
29,0,gnoc
3,0,chingadera
15,0,scheis
2320,1,deez
1,0,hoyito
411,0,dedo
8,0,masturba
575,1,dede
1,0,mensajero
187,0,hayward
969,0,bii
172,0,marquette
312,0,slaughter
1,0,spassers
38,0,winnipeg
1076,0,becker
51,0,screwed
2,1,gymnasium
359,1,gnom
1651,0,santiago
1,0,aliviar
9,0,brocken
26,0,boyfriend
15,1,ehrenberg
76,0,zehn
1,0,trabado
40,0,grubby
29,0,peoria
378,0,blb
68,1,scheet
3,0,spleet
6,0,bastardo
38,0,coolidge
1,0,martinsburg
4,0,chauffer
1,0,snatches
6804,1,roger
2,0,akutan
14,0,bispo
1,0,kondom
2,0,putana
3,0,locona
1,0,lycée
6,0,trollop
294,0,deka
21,1,trafford
7493,0,bom
22,0,minable
12,0,tumbr
24,0,s-se
27,0,facial
1653,0,phon
9,1,possy
6379,0,dell
89,0,gresham
160,0,saturn
30,0,spanner
42,0,bootie
20,0,abanda
31,0,halifax
14,0,culebra
47,0,pucha
361,0,calhoun
300,0,zena
109,0,wilton
1,0,cabimas
5,0,erotica
1,0,blaireau
2,0,capdevila
20,0,shlok
7,0,corvallis
8828,0,bud
3420,0,bum
9,1,hernández
19,0,oshawa
28,0,welby
1,0,forestdale
21,0,shikan
637,1,cinco
9,0,skurk
2568,1,zero
24,0,mocos
4,0,bootee
16,0,paire
76,0,beatrice
142,0,tuca
560,1,tube
2,1,fredericton
1,0,shagging
5,0,esquina
17,0,bisbee
3,0,ponbiki
22,0,herpes
1526,0,norman
82,0,eunice
604,0,deus
74,0,surra
75,0,srab
1,0,canhão
4,1,minchia
103,0,sral
66,0,yogurt
1,1,abrutis
88,0,torrance
2699,0,road
6,0,massachusetts
102,0,glasgow
17,1,nbsp
127,0,drank
14,0,gmale
214,0,kingston
347,0,gmail
210,0,deze
76,0,gogol
19,0,blitch
2,0,nibard
31134,0,james
291,1,aurora
4,0,paita
379,0,gode
106,1,tuit
2,0,bithc
4,0,aokan
2,0,geilen
3,0,sklave
7,0,padrote
3,0,hintern
3,0,meadowbrook
35,0,roev
8,0,sechs
12471,1,taylor
691,0,bitch
2817,0,graham
29894,1,cam
1271,0,flex
155,0,cincinnati
1,0,ereksjon
2039,0,cay
14,0,brookside
566,0,rivas
13,0,jiggaboo
1,0,stodder
1,0,bedrohen
9,0,trabas
300,0,cd9
21,0,secks
